09:12:14:836  INFO 55940 --- [main] com.hmall.cart.CartApplication           : Starting CartApplication using Java 17.0.14 on LAPTOP-RCD2EBQ7 with PID 55940 (D:\ADevPlan\abackend\java-cloud-server\cloud-server\hmall\cart-service\target\classes started by Konoha in D:\ADevPlan\abackend\java-cloud-server\cloud-server\hmall\cart-service)
09:12:14:844 DEBUG 55940 --- [main] com.hmall.cart.CartApplication           : Running with Spring Boot v2.7.12, Spring v5.3.27
09:12:14:846  INFO 55940 --- [main] com.hmall.cart.CartApplication           : The following 1 profile is active: "dev"
09:12:15:753  INFO 55940 --- [main] o.s.b.w.embedded.tomcat.TomcatWebServer  : Tomcat initialized with port(s): 8082 (http)
09:12:15:763  INFO 55940 --- [main] o.apache.catalina.core.StandardService   : Starting service [Tomcat]
09:12:15:790  INFO 55940 --- [main] org.apache.catalina.core.StandardEngine  : Starting Servlet engine: [Apache Tomcat/9.0.75]
09:12:15:901  INFO 55940 --- [main] o.a.c.c.C.[Tomcat].[localhost].[/]       : Initializing Spring embedded WebApplicationContext
09:12:15:902  INFO 55940 --- [main] w.s.c.ServletWebServerApplicationContext : Root WebApplicationContext: initialization completed in 1017 ms
09:12:16:588  INFO 55940 --- [main] pertySourcedRequestMappingHandlerMapping : Mapped URL path [/v2/api-docs] onto method [springfox.documentation.swagger2.web.Swagger2ControllerWebMvc#getDocumentation(String, HttpServletRequest)]
09:12:16:657  INFO 55940 --- [main] o.s.b.w.embedded.tomcat.TomcatWebServer  : Tomcat started on port(s): 8082 (http) with context path ''
09:12:16:658  INFO 55940 --- [main] d.s.w.p.DocumentationPluginsBootstrapper : Documentation plugins bootstrapped
09:12:16:661  INFO 55940 --- [main] d.s.w.p.DocumentationPluginsBootstrapper : Found 1 custom documentation plugin(s)
09:12:16:680  INFO 55940 --- [main] s.d.s.w.s.ApiListingReferenceScanner     : Scanning for api listing references
09:12:16:763  INFO 55940 --- [main] com.hmall.cart.CartApplication           : Started CartApplication in 2.256 seconds (JVM running for 2.522)
09:13:49:308  INFO 55940 --- [http-nio-8082-exec-1] o.a.c.c.C.[Tomcat].[localhost].[/]       : Initializing Spring DispatcherServlet 'dispatcherServlet'
09:13:49:308  INFO 55940 --- [http-nio-8082-exec-1] o.s.web.servlet.DispatcherServlet        : Initializing Servlet 'dispatcherServlet'
09:13:49:313  INFO 55940 --- [http-nio-8082-exec-1] o.s.web.servlet.DispatcherServlet        : Completed initialization in 0 ms
09:13:57:699  INFO 55940 --- [http-nio-8082-exec-4] com.zaxxer.hikari.HikariDataSource       : HikariPool-1 - Starting...
09:13:58:172  INFO 55940 --- [http-nio-8082-exec-4] com.zaxxer.hikari.HikariDataSource       : HikariPool-1 - Start completed.
09:13:58:185 DEBUG 55940 --- [http-nio-8082-exec-4] c.h.cart.mapper.CartMapper.selectList    : ==>  Preparing: SELECT id,user_id,item_id,num,name,spec,price,image,create_time,update_time FROM cart WHERE (user_id = ?)
09:13:58:234 DEBUG 55940 --- [http-nio-8082-exec-4] c.h.cart.mapper.CartMapper.selectList    : ==> Parameters: 1(Long)
09:13:58:318 DEBUG 55940 --- [http-nio-8082-exec-4] c.h.cart.mapper.CartMapper.selectList    : <==      Total: 1
09:44:09:958  INFO 55940 --- [SpringApplicationShutdownHook] com.zaxxer.hikari.HikariDataSource       : HikariPool-1 - Shutdown initiated...
09:44:09:978  INFO 55940 --- [SpringApplicationShutdownHook] com.zaxxer.hikari.HikariDataSource       : HikariPool-1 - Shutdown completed.
09:44:17:759  INFO 55900 --- [main] com.hmall.cart.CartApplication           : Starting CartApplication using Java 17.0.14 on LAPTOP-RCD2EBQ7 with PID 55900 (D:\ADevPlan\abackend\java-cloud-server\cloud-server\hmall\cart-service\target\classes started by Konoha in D:\ADevPlan\abackend\java-cloud-server\cloud-server\hmall\cart-service)
09:44:17:761 DEBUG 55900 --- [main] com.hmall.cart.CartApplication           : Running with Spring Boot v2.7.12, Spring v5.3.27
09:44:17:762  INFO 55900 --- [main] com.hmall.cart.CartApplication           : The following 1 profile is active: "dev"
09:44:18:423  INFO 55900 --- [main] o.s.cloud.context.scope.GenericScope     : BeanFactory id=7878ecf8-64dd-3b0d-9f5b-2d5441060bfa
09:44:18:778  INFO 55900 --- [main] o.s.b.w.embedded.tomcat.TomcatWebServer  : Tomcat initialized with port(s): 8082 (http)
09:44:18:787  INFO 55900 --- [main] o.apache.catalina.core.StandardService   : Starting service [Tomcat]
09:44:18:787  INFO 55900 --- [main] org.apache.catalina.core.StandardEngine  : Starting Servlet engine: [Apache Tomcat/9.0.75]
09:44:18:926  INFO 55900 --- [main] o.a.c.c.C.[Tomcat].[localhost].[/]       : Initializing Spring embedded WebApplicationContext
09:44:18:926  INFO 55900 --- [main] w.s.c.ServletWebServerApplicationContext : Root WebApplicationContext: initialization completed in 1129 ms
09:44:19:851  INFO 55900 --- [main] pertySourcedRequestMappingHandlerMapping : Mapped URL path [/v2/api-docs] onto method [springfox.documentation.swagger2.web.Swagger2ControllerWebMvc#getDocumentation(String, HttpServletRequest)]
09:44:20:109  INFO 55900 --- [main] com.alibaba.nacos.common.remote.client   : [RpcClientFactory] create a new rpc client of 49c333f0-c543-4744-b758-0e0a29f43d93
09:44:20:152  INFO 55900 --- [main] org.reflections.Reflections              : Reflections took 19 ms to scan 1 urls, producing 3 keys and 6 values
09:44:20:171  INFO 55900 --- [main] org.reflections.Reflections              : Reflections took 6 ms to scan 1 urls, producing 4 keys and 9 values
09:44:20:177  INFO 55900 --- [main] org.reflections.Reflections              : Reflections took 4 ms to scan 1 urls, producing 3 keys and 10 values
09:44:20:179  WARN 55900 --- [main] org.reflections.Reflections              : given scan urls are empty. set urls in the configuration
09:44:20:187  INFO 55900 --- [main] org.reflections.Reflections              : Reflections took 8 ms to scan 1 urls, producing 1 keys and 5 values
09:44:20:195  INFO 55900 --- [main] org.reflections.Reflections              : Reflections took 6 ms to scan 1 urls, producing 1 keys and 7 values
09:44:20:201  INFO 55900 --- [main] org.reflections.Reflections              : Reflections took 4 ms to scan 1 urls, producing 2 keys and 8 values
09:44:20:204  WARN 55900 --- [main] org.reflections.Reflections              : given scan urls are empty. set urls in the configuration
09:44:20:206  INFO 55900 --- [main] com.alibaba.nacos.common.remote.client   : [49c333f0-c543-4744-b758-0e0a29f43d93] RpcClient init label, labels = {module=naming, source=sdk}
09:44:20:208  INFO 55900 --- [main] com.alibaba.nacos.common.remote.client   : [49c333f0-c543-4744-b758-0e0a29f43d93] RpcClient init, ServerListFactory = com.alibaba.nacos.client.naming.core.ServerListManager
09:44:20:208  INFO 55900 --- [main] com.alibaba.nacos.common.remote.client   : [49c333f0-c543-4744-b758-0e0a29f43d93] Registry connection listener to current client:com.alibaba.nacos.client.naming.remote.gprc.redo.NamingGrpcRedoService
09:44:20:209  INFO 55900 --- [main] com.alibaba.nacos.common.remote.client   : [49c333f0-c543-4744-b758-0e0a29f43d93] Register server push request handler:com.alibaba.nacos.client.naming.remote.gprc.NamingPushRequestHandler
09:44:20:210  INFO 55900 --- [main] com.alibaba.nacos.common.remote.client   : [49c333f0-c543-4744-b758-0e0a29f43d93] Try to connect to server on start up, server: {serverIp = '127.0.0.1', server main port = 8848}
09:44:21:023  INFO 55900 --- [main] com.alibaba.nacos.common.remote.client   : [49c333f0-c543-4744-b758-0e0a29f43d93] Success to connect to server [127.0.0.1:8848] on start up, connectionId = 1761183860830_172.17.0.1_36488
09:44:21:025  INFO 55900 --- [com.alibaba.nacos.client.remote.worker] com.alibaba.nacos.common.remote.client   : [49c333f0-c543-4744-b758-0e0a29f43d93] Notify connected event to listeners.
09:44:21:026  INFO 55900 --- [main] com.alibaba.nacos.common.remote.client   : [49c333f0-c543-4744-b758-0e0a29f43d93] Register server push request handler:com.alibaba.nacos.common.remote.client.RpcClient$ConnectResetRequestHandler
09:44:21:028  INFO 55900 --- [main] com.alibaba.nacos.common.remote.client   : [49c333f0-c543-4744-b758-0e0a29f43d93] Register server push request handler:com.alibaba.nacos.common.remote.client.RpcClient$$Lambda$854/0x000002be846cb9c0
09:44:21:081  INFO 55900 --- [main] o.s.b.w.embedded.tomcat.TomcatWebServer  : Tomcat started on port(s): 8082 (http) with context path ''
09:44:21:093  INFO 55900 --- [main] c.a.c.n.registry.NacosServiceRegistry    : nacos registry, DEFAULT_GROUP cart-service 192.168.21.1:8082 register finished
09:44:21:220  INFO 55900 --- [main] d.s.w.p.DocumentationPluginsBootstrapper : Documentation plugins bootstrapped
09:44:21:222  INFO 55900 --- [main] d.s.w.p.DocumentationPluginsBootstrapper : Found 1 custom documentation plugin(s)
09:44:21:244  INFO 55900 --- [main] s.d.s.w.s.ApiListingReferenceScanner     : Scanning for api listing references
09:44:21:334  INFO 55900 --- [main] com.hmall.cart.CartApplication           : Started CartApplication in 4.11 seconds (JVM running for 4.424)
09:44:21:599  INFO 55900 --- [nacos-grpc-client-executor-7] com.alibaba.nacos.common.remote.client   : [49c333f0-c543-4744-b758-0e0a29f43d93] Receive server push request, request = NotifySubscriberRequest, requestId = 5
09:44:21:602  INFO 55900 --- [nacos-grpc-client-executor-7] com.alibaba.nacos.common.remote.client   : [49c333f0-c543-4744-b758-0e0a29f43d93] Ack server push request, request = NotifySubscriberRequest, requestId = 5
09:44:23:540  INFO 51248 --- [main] com.hmall.cart.CartApplication           : Starting CartApplication using Java 17.0.14 on LAPTOP-RCD2EBQ7 with PID 51248 (D:\ADevPlan\abackend\java-cloud-server\cloud-server\hmall\cart-service\target\classes started by Konoha in D:\ADevPlan\abackend\java-cloud-server\cloud-server\hmall\cart-service)
09:44:23:543 DEBUG 51248 --- [main] com.hmall.cart.CartApplication           : Running with Spring Boot v2.7.12, Spring v5.3.27
09:44:23:543  INFO 51248 --- [main] com.hmall.cart.CartApplication           : The following 1 profile is active: "dev"
09:44:24:238  INFO 51248 --- [main] o.s.cloud.context.scope.GenericScope     : BeanFactory id=7878ecf8-64dd-3b0d-9f5b-2d5441060bfa
09:44:24:542  INFO 51248 --- [main] o.s.b.w.embedded.tomcat.TomcatWebServer  : Tomcat initialized with port(s): 8084 (http)
09:44:24:551  INFO 51248 --- [main] o.apache.catalina.core.StandardService   : Starting service [Tomcat]
09:44:24:551  INFO 51248 --- [main] org.apache.catalina.core.StandardEngine  : Starting Servlet engine: [Apache Tomcat/9.0.75]
09:44:24:685  INFO 51248 --- [main] o.a.c.c.C.[Tomcat].[localhost].[/]       : Initializing Spring embedded WebApplicationContext
09:44:24:685  INFO 51248 --- [main] w.s.c.ServletWebServerApplicationContext : Root WebApplicationContext: initialization completed in 1108 ms
09:44:25:595  INFO 51248 --- [main] pertySourcedRequestMappingHandlerMapping : Mapped URL path [/v2/api-docs] onto method [springfox.documentation.swagger2.web.Swagger2ControllerWebMvc#getDocumentation(String, HttpServletRequest)]
09:44:25:828  INFO 51248 --- [main] com.alibaba.nacos.common.remote.client   : [RpcClientFactory] create a new rpc client of b4886b83-37d7-4b62-936d-e70bb763f179
09:44:25:878  INFO 51248 --- [main] org.reflections.Reflections              : Reflections took 24 ms to scan 1 urls, producing 3 keys and 6 values
09:44:25:893  INFO 51248 --- [main] org.reflections.Reflections              : Reflections took 6 ms to scan 1 urls, producing 4 keys and 9 values
09:44:25:899  INFO 51248 --- [main] org.reflections.Reflections              : Reflections took 4 ms to scan 1 urls, producing 3 keys and 10 values
09:44:25:900  WARN 51248 --- [main] org.reflections.Reflections              : given scan urls are empty. set urls in the configuration
09:44:25:909  INFO 51248 --- [main] org.reflections.Reflections              : Reflections took 8 ms to scan 1 urls, producing 1 keys and 5 values
09:44:25:919  INFO 51248 --- [main] org.reflections.Reflections              : Reflections took 7 ms to scan 1 urls, producing 1 keys and 7 values
09:44:25:926  INFO 51248 --- [main] org.reflections.Reflections              : Reflections took 4 ms to scan 1 urls, producing 2 keys and 8 values
09:44:25:928  WARN 51248 --- [main] org.reflections.Reflections              : given scan urls are empty. set urls in the configuration
09:44:25:928  INFO 51248 --- [main] com.alibaba.nacos.common.remote.client   : [b4886b83-37d7-4b62-936d-e70bb763f179] RpcClient init label, labels = {module=naming, source=sdk}
09:44:25:930  INFO 51248 --- [main] com.alibaba.nacos.common.remote.client   : [b4886b83-37d7-4b62-936d-e70bb763f179] RpcClient init, ServerListFactory = com.alibaba.nacos.client.naming.core.ServerListManager
09:44:25:930  INFO 51248 --- [main] com.alibaba.nacos.common.remote.client   : [b4886b83-37d7-4b62-936d-e70bb763f179] Registry connection listener to current client:com.alibaba.nacos.client.naming.remote.gprc.redo.NamingGrpcRedoService
09:44:25:930  INFO 51248 --- [main] com.alibaba.nacos.common.remote.client   : [b4886b83-37d7-4b62-936d-e70bb763f179] Register server push request handler:com.alibaba.nacos.client.naming.remote.gprc.NamingPushRequestHandler
09:44:25:932  INFO 51248 --- [main] com.alibaba.nacos.common.remote.client   : [b4886b83-37d7-4b62-936d-e70bb763f179] Try to connect to server on start up, server: {serverIp = '127.0.0.1', server main port = 8848}
09:44:26:696  INFO 51248 --- [main] com.alibaba.nacos.common.remote.client   : [b4886b83-37d7-4b62-936d-e70bb763f179] Success to connect to server [127.0.0.1:8848] on start up, connectionId = 1761183866513_172.17.0.1_55442
09:44:26:698  INFO 51248 --- [com.alibaba.nacos.client.remote.worker] com.alibaba.nacos.common.remote.client   : [b4886b83-37d7-4b62-936d-e70bb763f179] Notify connected event to listeners.
09:44:26:699  INFO 51248 --- [main] com.alibaba.nacos.common.remote.client   : [b4886b83-37d7-4b62-936d-e70bb763f179] Register server push request handler:com.alibaba.nacos.common.remote.client.RpcClient$ConnectResetRequestHandler
09:44:26:700  INFO 51248 --- [main] com.alibaba.nacos.common.remote.client   : [b4886b83-37d7-4b62-936d-e70bb763f179] Register server push request handler:com.alibaba.nacos.common.remote.client.RpcClient$$Lambda$854/0x00000136de6bb9c0
09:44:26:767  INFO 51248 --- [main] o.s.b.w.embedded.tomcat.TomcatWebServer  : Tomcat started on port(s): 8084 (http) with context path ''
09:44:26:782  INFO 51248 --- [main] c.a.c.n.registry.NacosServiceRegistry    : nacos registry, DEFAULT_GROUP cart-service 192.168.21.1:8084 register finished
09:44:26:892  INFO 51248 --- [main] d.s.w.p.DocumentationPluginsBootstrapper : Documentation plugins bootstrapped
09:44:26:897  INFO 51248 --- [main] d.s.w.p.DocumentationPluginsBootstrapper : Found 1 custom documentation plugin(s)
09:44:26:920  INFO 51248 --- [main] s.d.s.w.s.ApiListingReferenceScanner     : Scanning for api listing references
09:44:27:003  INFO 51248 --- [main] com.hmall.cart.CartApplication           : Started CartApplication in 4.011 seconds (JVM running for 4.32)
09:44:27:305  INFO 55900 --- [nacos-grpc-client-executor-9] com.alibaba.nacos.common.remote.client   : [49c333f0-c543-4744-b758-0e0a29f43d93] Receive server push request, request = NotifySubscriberRequest, requestId = 6
09:44:27:309  INFO 55900 --- [nacos-grpc-client-executor-9] com.alibaba.nacos.common.remote.client   : [49c333f0-c543-4744-b758-0e0a29f43d93] Ack server push request, request = NotifySubscriberRequest, requestId = 6
09:44:27:316  INFO 51248 --- [nacos-grpc-client-executor-8] com.alibaba.nacos.common.remote.client   : [b4886b83-37d7-4b62-936d-e70bb763f179] Receive server push request, request = NotifySubscriberRequest, requestId = 7
09:44:27:320  INFO 51248 --- [nacos-grpc-client-executor-8] com.alibaba.nacos.common.remote.client   : [b4886b83-37d7-4b62-936d-e70bb763f179] Ack server push request, request = NotifySubscriberRequest, requestId = 7
10:08:48:363  INFO 51248 --- [nacos-grpc-client-executor-75] com.alibaba.nacos.common.remote.client   : [b4886b83-37d7-4b62-936d-e70bb763f179] Receive server push request, request = ClientDetectionRequest, requestId = 10
10:08:48:395  INFO 55900 --- [nacos-grpc-client-executor-74] com.alibaba.nacos.common.remote.client   : [49c333f0-c543-4744-b758-0e0a29f43d93] Receive server push request, request = ClientDetectionRequest, requestId = 9
10:08:48:424  INFO 51248 --- [nacos-grpc-client-executor-75] com.alibaba.nacos.common.remote.client   : [b4886b83-37d7-4b62-936d-e70bb763f179] Ack server push request, request = ClientDetectionRequest, requestId = 10
10:08:48:440  INFO 55900 --- [nacos-grpc-client-executor-74] com.alibaba.nacos.common.remote.client   : [49c333f0-c543-4744-b758-0e0a29f43d93] Ack server push request, request = ClientDetectionRequest, requestId = 9
10:08:51:724  INFO 55900 --- [nacos-grpc-client-executor-75] com.alibaba.nacos.common.remote.client   : [49c333f0-c543-4744-b758-0e0a29f43d93] Receive server push request, request = ClientDetectionRequest, requestId = 13
10:08:51:735  INFO 55900 --- [nacos-grpc-client-executor-75] com.alibaba.nacos.common.remote.client   : [49c333f0-c543-4744-b758-0e0a29f43d93] Ack server push request, request = ClientDetectionRequest, requestId = 13
10:10:08:385  WARN 55900 --- [Thread-4] c.a.nacos.common.notify.NotifyCenter     : [NotifyCenter] Start destroying Publisher
10:10:08:384  WARN 55900 --- [Thread-7] c.a.n.common.http.HttpClientBeanHolder   : [HttpClientBeanHolder] Start destroying common HttpClient
10:10:08:385  WARN 55900 --- [Thread-4] c.a.nacos.common.notify.NotifyCenter     : [NotifyCenter] Destruction of the end
10:10:08:386  WARN 55900 --- [Thread-7] c.a.n.common.http.HttpClientBeanHolder   : [HttpClientBeanHolder] Destruction of the end
10:10:08:462  INFO 55900 --- [SpringApplicationShutdownHook] c.a.c.n.registry.NacosServiceRegistry    : De-registering from Nacos Server now...
10:10:08:473  INFO 55900 --- [SpringApplicationShutdownHook] c.a.c.n.registry.NacosServiceRegistry    : De-registration finished.
10:10:08:813  INFO 55900 --- [SpringApplicationShutdownHook] com.alibaba.nacos.common.remote.client   : Shutdown rpc client, set status to shutdown
10:10:08:813  INFO 55900 --- [SpringApplicationShutdownHook] com.alibaba.nacos.common.remote.client   : Shutdown client event executor java.util.concurrent.ScheduledThreadPoolExecutor@2c307043[Running, pool size = 2, active threads = 2, queued tasks = 0, completed tasks = 0]
10:10:08:813  INFO 55900 --- [SpringApplicationShutdownHook] com.alibaba.nacos.common.remote.client   : Close current connection 1761183860830_172.17.0.1_36488
10:10:08:817  INFO 55900 --- [SpringApplicationShutdownHook] c.a.n.c.remote.client.grpc.GrpcClient    : Shutdown grpc executor java.util.concurrent.ThreadPoolExecutor@5a1dc5c6[Running, pool size = 4, active threads = 0, queued tasks = 0, completed tasks = 91]
10:10:08:819  INFO 55900 --- [nacos-grpc-client-executor-91] c.a.n.c.remote.client.grpc.GrpcClient    : [1761183860830_172.17.0.1_36488]Ignore complete event,isRunning:false,isAbandon=false
10:10:08:957  INFO 51248 --- [nacos-grpc-client-executor-91] com.alibaba.nacos.common.remote.client   : [b4886b83-37d7-4b62-936d-e70bb763f179] Receive server push request, request = NotifySubscriberRequest, requestId = 15
10:10:08:963  INFO 51248 --- [nacos-grpc-client-executor-91] com.alibaba.nacos.common.remote.client   : [b4886b83-37d7-4b62-936d-e70bb763f179] Ack server push request, request = NotifySubscriberRequest, requestId = 15
10:10:14:934  WARN 51248 --- [Thread-7] c.a.n.common.http.HttpClientBeanHolder   : [HttpClientBeanHolder] Start destroying common HttpClient
10:10:14:934  WARN 51248 --- [Thread-4] c.a.nacos.common.notify.NotifyCenter     : [NotifyCenter] Start destroying Publisher
10:10:14:936  WARN 51248 --- [Thread-7] c.a.n.common.http.HttpClientBeanHolder   : [HttpClientBeanHolder] Destruction of the end
10:10:14:936  WARN 51248 --- [Thread-4] c.a.nacos.common.notify.NotifyCenter     : [NotifyCenter] Destruction of the end
10:10:14:974  INFO 51248 --- [SpringApplicationShutdownHook] c.a.c.n.registry.NacosServiceRegistry    : De-registering from Nacos Server now...
10:10:14:979  INFO 51248 --- [SpringApplicationShutdownHook] c.a.c.n.registry.NacosServiceRegistry    : De-registration finished.
10:10:15:304  INFO 51248 --- [SpringApplicationShutdownHook] com.alibaba.nacos.common.remote.client   : Shutdown rpc client, set status to shutdown
10:10:15:305  INFO 51248 --- [SpringApplicationShutdownHook] com.alibaba.nacos.common.remote.client   : Shutdown client event executor java.util.concurrent.ScheduledThreadPoolExecutor@5227ba72[Running, pool size = 2, active threads = 2, queued tasks = 0, completed tasks = 0]
10:10:15:305  INFO 51248 --- [SpringApplicationShutdownHook] com.alibaba.nacos.common.remote.client   : Close current connection 1761183866513_172.17.0.1_55442
10:10:15:309  INFO 51248 --- [nacos-grpc-client-executor-94] c.a.n.c.remote.client.grpc.GrpcClient    : [1761183866513_172.17.0.1_55442]Ignore complete event,isRunning:false,isAbandon=false
10:10:15:311  INFO 51248 --- [SpringApplicationShutdownHook] c.a.n.c.remote.client.grpc.GrpcClient    : Shutdown grpc executor java.util.concurrent.ThreadPoolExecutor@3fe3f485[Running, pool size = 5, active threads = 0, queued tasks = 0, completed tasks = 95]
10:10:18:911  INFO 48724 --- [main] com.hmall.cart.CartApplication           : Starting CartApplication using Java 17.0.14 on LAPTOP-RCD2EBQ7 with PID 48724 (D:\ADevPlan\abackend\java-cloud-server\cloud-server\hmall\cart-service\target\classes started by Konoha in D:\ADevPlan\abackend\java-cloud-server\cloud-server\hmall\cart-service)
10:10:18:914 DEBUG 48724 --- [main] com.hmall.cart.CartApplication           : Running with Spring Boot v2.7.12, Spring v5.3.27
10:10:18:915  INFO 48724 --- [main] com.hmall.cart.CartApplication           : The following 1 profile is active: "dev"
10:10:19:662  INFO 48724 --- [main] o.s.cloud.context.scope.GenericScope     : BeanFactory id=7878ecf8-64dd-3b0d-9f5b-2d5441060bfa
10:10:19:956  INFO 48724 --- [main] o.s.b.w.embedded.tomcat.TomcatWebServer  : Tomcat initialized with port(s): 8082 (http)
10:10:19:962  INFO 48724 --- [main] o.apache.catalina.core.StandardService   : Starting service [Tomcat]
10:10:19:963  INFO 48724 --- [main] org.apache.catalina.core.StandardEngine  : Starting Servlet engine: [Apache Tomcat/9.0.75]
10:10:20:073  INFO 48724 --- [main] o.a.c.c.C.[Tomcat].[localhost].[/]       : Initializing Spring embedded WebApplicationContext
10:10:20:073  INFO 48724 --- [main] w.s.c.ServletWebServerApplicationContext : Root WebApplicationContext: initialization completed in 1121 ms
10:10:20:130  WARN 48724 --- [main] ConfigServletWebServerApplicationContext : Exception encountered during context initialization - cancelling refresh attempt: org.springframework.beans.factory.UnsatisfiedDependencyException: Error creating bean with name 'cartController' defined in file [D:\ADevPlan\abackend\java-cloud-server\cloud-server\hmall\cart-service\target\classes\com\hmall\cart\controller\CartController.class]: Unsatisfied dependency expressed through constructor parameter 0; nested exception is org.springframework.beans.factory.BeanCreationException: Error creating bean with name 'cartServiceImpl' defined in file [D:\ADevPlan\abackend\java-cloud-server\cloud-server\hmall\cart-service\target\classes\com\hmall\cart\service\impl\CartServiceImpl.class]: Instantiation of bean failed; nested exception is org.springframework.beans.BeanInstantiationException: Failed to instantiate [com.hmall.cart.service.impl.CartServiceImpl]: Constructor threw exception; nested exception is java.lang.NullPointerException: Cannot invoke "org.springframework.cloud.client.discovery.DiscoveryClient.getInstances(String)" because "this.discoveryClient" is null
10:10:20:134  INFO 48724 --- [main] o.apache.catalina.core.StandardService   : Stopping service [Tomcat]
10:10:20:146  INFO 48724 --- [main] ConditionEvaluationReportLoggingListener :

Error starting ApplicationContext. To display the conditions report re-run your application with 'debug' enabled.
10:10:20:162 ERROR 48724 --- [main] o.s.boot.SpringApplication               : Application run failed

org.springframework.beans.factory.UnsatisfiedDependencyException: Error creating bean with name 'cartController' defined in file [D:\ADevPlan\abackend\java-cloud-server\cloud-server\hmall\cart-service\target\classes\com\hmall\cart\controller\CartController.class]: Unsatisfied dependency expressed through constructor parameter 0; nested exception is org.springframework.beans.factory.BeanCreationException: Error creating bean with name 'cartServiceImpl' defined in file [D:\ADevPlan\abackend\java-cloud-server\cloud-server\hmall\cart-service\target\classes\com\hmall\cart\service\impl\CartServiceImpl.class]: Instantiation of bean failed; nested exception is org.springframework.beans.BeanInstantiationException: Failed to instantiate [com.hmall.cart.service.impl.CartServiceImpl]: Constructor threw exception; nested exception is java.lang.NullPointerException: Cannot invoke "org.springframework.cloud.client.discovery.DiscoveryClient.getInstances(String)" because "this.discoveryClient" is null
	at org.springframework.beans.factory.support.ConstructorResolver.createArgumentArray(ConstructorResolver.java:800) ~[spring-beans-5.3.27.jar:5.3.27]
	at org.springframework.beans.factory.support.ConstructorResolver.autowireConstructor(ConstructorResolver.java:229) ~[spring-beans-5.3.27.jar:5.3.27]
	at org.springframework.beans.factory.support.AbstractAutowireCapableBeanFactory.autowireConstructor(AbstractAutowireCapableBeanFactory.java:1372) ~[spring-beans-5.3.27.jar:5.3.27]
	at org.springframework.beans.factory.support.AbstractAutowireCapableBeanFactory.createBeanInstance(AbstractAutowireCapableBeanFactory.java:1222) ~[spring-beans-5.3.27.jar:5.3.27]
	at org.springframework.beans.factory.support.AbstractAutowireCapableBeanFactory.doCreateBean(AbstractAutowireCapableBeanFactory.java:582) ~[spring-beans-5.3.27.jar:5.3.27]
	at org.springframework.beans.factory.support.AbstractAutowireCapableBeanFactory.createBean(AbstractAutowireCapableBeanFactory.java:542) ~[spring-beans-5.3.27.jar:5.3.27]
	at org.springframework.beans.factory.support.AbstractBeanFactory.lambda$doGetBean$0(AbstractBeanFactory.java:335) ~[spring-beans-5.3.27.jar:5.3.27]
	at org.springframework.beans.factory.support.DefaultSingletonBeanRegistry.getSingleton(DefaultSingletonBeanRegistry.java:234) ~[spring-beans-5.3.27.jar:5.3.27]
	at org.springframework.beans.factory.support.AbstractBeanFactory.doGetBean(AbstractBeanFactory.java:333) ~[spring-beans-5.3.27.jar:5.3.27]
	at org.springframework.beans.factory.support.AbstractBeanFactory.getBean(AbstractBeanFactory.java:208) ~[spring-beans-5.3.27.jar:5.3.27]
	at org.springframework.beans.factory.support.DefaultListableBeanFactory.preInstantiateSingletons(DefaultListableBeanFactory.java:955) ~[spring-beans-5.3.27.jar:5.3.27]
	at org.springframework.context.support.AbstractApplicationContext.finishBeanFactoryInitialization(AbstractApplicationContext.java:920) ~[spring-context-5.3.27.jar:5.3.27]
	at org.springframework.context.support.AbstractApplicationContext.refresh(AbstractApplicationContext.java:583) ~[spring-context-5.3.27.jar:5.3.27]
	at org.springframework.boot.web.servlet.context.ServletWebServerApplicationContext.refresh(ServletWebServerApplicationContext.java:147) ~[spring-boot-2.7.12.jar:2.7.12]
	at org.springframework.boot.SpringApplication.refresh(SpringApplication.java:731) ~[spring-boot-2.7.12.jar:2.7.12]
	at org.springframework.boot.SpringApplication.refreshContext(SpringApplication.java:408) ~[spring-boot-2.7.12.jar:2.7.12]
	at org.springframework.boot.SpringApplication.run(SpringApplication.java:307) ~[spring-boot-2.7.12.jar:2.7.12]
	at org.springframework.boot.SpringApplication.run(SpringApplication.java:1303) ~[spring-boot-2.7.12.jar:2.7.12]
	at org.springframework.boot.SpringApplication.run(SpringApplication.java:1292) ~[spring-boot-2.7.12.jar:2.7.12]
	at com.hmall.cart.CartApplication.main(CartApplication.java:11) ~[classes/:na]
Caused by: org.springframework.beans.factory.BeanCreationException: Error creating bean with name 'cartServiceImpl' defined in file [D:\ADevPlan\abackend\java-cloud-server\cloud-server\hmall\cart-service\target\classes\com\hmall\cart\service\impl\CartServiceImpl.class]: Instantiation of bean failed; nested exception is org.springframework.beans.BeanInstantiationException: Failed to instantiate [com.hmall.cart.service.impl.CartServiceImpl]: Constructor threw exception; nested exception is java.lang.NullPointerException: Cannot invoke "org.springframework.cloud.client.discovery.DiscoveryClient.getInstances(String)" because "this.discoveryClient" is null
	at org.springframework.beans.factory.support.AbstractAutowireCapableBeanFactory.instantiateBean(AbstractAutowireCapableBeanFactory.java:1334) ~[spring-beans-5.3.27.jar:5.3.27]
	at org.springframework.beans.factory.support.AbstractAutowireCapableBeanFactory.createBeanInstance(AbstractAutowireCapableBeanFactory.java:1232) ~[spring-beans-5.3.27.jar:5.3.27]
	at org.springframework.beans.factory.support.AbstractAutowireCapableBeanFactory.doCreateBean(AbstractAutowireCapableBeanFactory.java:582) ~[spring-beans-5.3.27.jar:5.3.27]
	at org.springframework.beans.factory.support.AbstractAutowireCapableBeanFactory.createBean(AbstractAutowireCapableBeanFactory.java:542) ~[spring-beans-5.3.27.jar:5.3.27]
	at org.springframework.beans.factory.support.AbstractBeanFactory.lambda$doGetBean$0(AbstractBeanFactory.java:335) ~[spring-beans-5.3.27.jar:5.3.27]
	at org.springframework.beans.factory.support.DefaultSingletonBeanRegistry.getSingleton(DefaultSingletonBeanRegistry.java:234) ~[spring-beans-5.3.27.jar:5.3.27]
	at org.springframework.beans.factory.support.AbstractBeanFactory.doGetBean(AbstractBeanFactory.java:333) ~[spring-beans-5.3.27.jar:5.3.27]
	at org.springframework.beans.factory.support.AbstractBeanFactory.getBean(AbstractBeanFactory.java:208) ~[spring-beans-5.3.27.jar:5.3.27]
	at org.springframework.beans.factory.config.DependencyDescriptor.resolveCandidate(DependencyDescriptor.java:276) ~[spring-beans-5.3.27.jar:5.3.27]
	at org.springframework.beans.factory.support.DefaultListableBeanFactory.doResolveDependency(DefaultListableBeanFactory.java:1391) ~[spring-beans-5.3.27.jar:5.3.27]
	at org.springframework.beans.factory.support.DefaultListableBeanFactory.resolveDependency(DefaultListableBeanFactory.java:1311) ~[spring-beans-5.3.27.jar:5.3.27]
	at org.springframework.beans.factory.support.ConstructorResolver.resolveAutowiredArgument(ConstructorResolver.java:887) ~[spring-beans-5.3.27.jar:5.3.27]
	at org.springframework.beans.factory.support.ConstructorResolver.createArgumentArray(ConstructorResolver.java:791) ~[spring-beans-5.3.27.jar:5.3.27]
	... 19 common frames omitted
Caused by: org.springframework.beans.BeanInstantiationException: Failed to instantiate [com.hmall.cart.service.impl.CartServiceImpl]: Constructor threw exception; nested exception is java.lang.NullPointerException: Cannot invoke "org.springframework.cloud.client.discovery.DiscoveryClient.getInstances(String)" because "this.discoveryClient" is null
	at org.springframework.beans.BeanUtils.instantiateClass(BeanUtils.java:224) ~[spring-beans-5.3.27.jar:5.3.27]
	at org.springframework.beans.factory.support.SimpleInstantiationStrategy.instantiate(SimpleInstantiationStrategy.java:87) ~[spring-beans-5.3.27.jar:5.3.27]
	at org.springframework.beans.factory.support.AbstractAutowireCapableBeanFactory.instantiateBean(AbstractAutowireCapableBeanFactory.java:1326) ~[spring-beans-5.3.27.jar:5.3.27]
	... 31 common frames omitted
Caused by: java.lang.NullPointerException: Cannot invoke "org.springframework.cloud.client.discovery.DiscoveryClient.getInstances(String)" because "this.discoveryClient" is null
	at com.hmall.cart.service.impl.CartServiceImpl.<init>(CartServiceImpl.java:88) ~[classes/:na]
	at java.base/jdk.internal.reflect.NativeConstructorAccessorImpl.newInstance0(Native Method) ~[na:na]
	at java.base/jdk.internal.reflect.NativeConstructorAccessorImpl.newInstance(NativeConstructorAccessorImpl.java:77) ~[na:na]
	at java.base/jdk.internal.reflect.DelegatingConstructorAccessorImpl.newInstance(DelegatingConstructorAccessorImpl.java:45) ~[na:na]
	at java.base/java.lang.reflect.Constructor.newInstanceWithCaller(Constructor.java:500) ~[na:na]
	at java.base/java.lang.reflect.Constructor.newInstance(Constructor.java:481) ~[na:na]
	at org.springframework.beans.BeanUtils.instantiateClass(BeanUtils.java:211) ~[spring-beans-5.3.27.jar:5.3.27]
	... 33 common frames omitted

10:10:23:624  INFO 50708 --- [main] com.hmall.cart.CartApplication           : Starting CartApplication using Java 17.0.14 on LAPTOP-RCD2EBQ7 with PID 50708 (D:\ADevPlan\abackend\java-cloud-server\cloud-server\hmall\cart-service\target\classes started by Konoha in D:\ADevPlan\abackend\java-cloud-server\cloud-server\hmall\cart-service)
10:10:23:626 DEBUG 50708 --- [main] com.hmall.cart.CartApplication           : Running with Spring Boot v2.7.12, Spring v5.3.27
10:10:23:627  INFO 50708 --- [main] com.hmall.cart.CartApplication           : The following 1 profile is active: "dev"
10:10:24:374  INFO 50708 --- [main] o.s.cloud.context.scope.GenericScope     : BeanFactory id=7878ecf8-64dd-3b0d-9f5b-2d5441060bfa
10:10:24:840  INFO 50708 --- [main] o.s.b.w.embedded.tomcat.TomcatWebServer  : Tomcat initialized with port(s): 8084 (http)
10:10:24:856  INFO 50708 --- [main] o.apache.catalina.core.StandardService   : Starting service [Tomcat]
10:10:24:857  INFO 50708 --- [main] org.apache.catalina.core.StandardEngine  : Starting Servlet engine: [Apache Tomcat/9.0.75]
10:10:25:030  INFO 50708 --- [main] o.a.c.c.C.[Tomcat].[localhost].[/]       : Initializing Spring embedded WebApplicationContext
10:10:25:031  INFO 50708 --- [main] w.s.c.ServletWebServerApplicationContext : Root WebApplicationContext: initialization completed in 1369 ms
10:10:25:104  WARN 50708 --- [main] ConfigServletWebServerApplicationContext : Exception encountered during context initialization - cancelling refresh attempt: org.springframework.beans.factory.UnsatisfiedDependencyException: Error creating bean with name 'cartController' defined in file [D:\ADevPlan\abackend\java-cloud-server\cloud-server\hmall\cart-service\target\classes\com\hmall\cart\controller\CartController.class]: Unsatisfied dependency expressed through constructor parameter 0; nested exception is org.springframework.beans.factory.BeanCreationException: Error creating bean with name 'cartServiceImpl' defined in file [D:\ADevPlan\abackend\java-cloud-server\cloud-server\hmall\cart-service\target\classes\com\hmall\cart\service\impl\CartServiceImpl.class]: Instantiation of bean failed; nested exception is org.springframework.beans.BeanInstantiationException: Failed to instantiate [com.hmall.cart.service.impl.CartServiceImpl]: Constructor threw exception; nested exception is java.lang.NullPointerException: Cannot invoke "org.springframework.cloud.client.discovery.DiscoveryClient.getInstances(String)" because "this.discoveryClient" is null
10:10:25:108  INFO 50708 --- [main] o.apache.catalina.core.StandardService   : Stopping service [Tomcat]
10:10:25:128  INFO 50708 --- [main] ConditionEvaluationReportLoggingListener :

Error starting ApplicationContext. To display the conditions report re-run your application with 'debug' enabled.
10:10:25:159 ERROR 50708 --- [main] o.s.boot.SpringApplication               : Application run failed

org.springframework.beans.factory.UnsatisfiedDependencyException: Error creating bean with name 'cartController' defined in file [D:\ADevPlan\abackend\java-cloud-server\cloud-server\hmall\cart-service\target\classes\com\hmall\cart\controller\CartController.class]: Unsatisfied dependency expressed through constructor parameter 0; nested exception is org.springframework.beans.factory.BeanCreationException: Error creating bean with name 'cartServiceImpl' defined in file [D:\ADevPlan\abackend\java-cloud-server\cloud-server\hmall\cart-service\target\classes\com\hmall\cart\service\impl\CartServiceImpl.class]: Instantiation of bean failed; nested exception is org.springframework.beans.BeanInstantiationException: Failed to instantiate [com.hmall.cart.service.impl.CartServiceImpl]: Constructor threw exception; nested exception is java.lang.NullPointerException: Cannot invoke "org.springframework.cloud.client.discovery.DiscoveryClient.getInstances(String)" because "this.discoveryClient" is null
	at org.springframework.beans.factory.support.ConstructorResolver.createArgumentArray(ConstructorResolver.java:800) ~[spring-beans-5.3.27.jar:5.3.27]
	at org.springframework.beans.factory.support.ConstructorResolver.autowireConstructor(ConstructorResolver.java:229) ~[spring-beans-5.3.27.jar:5.3.27]
	at org.springframework.beans.factory.support.AbstractAutowireCapableBeanFactory.autowireConstructor(AbstractAutowireCapableBeanFactory.java:1372) ~[spring-beans-5.3.27.jar:5.3.27]
	at org.springframework.beans.factory.support.AbstractAutowireCapableBeanFactory.createBeanInstance(AbstractAutowireCapableBeanFactory.java:1222) ~[spring-beans-5.3.27.jar:5.3.27]
	at org.springframework.beans.factory.support.AbstractAutowireCapableBeanFactory.doCreateBean(AbstractAutowireCapableBeanFactory.java:582) ~[spring-beans-5.3.27.jar:5.3.27]
	at org.springframework.beans.factory.support.AbstractAutowireCapableBeanFactory.createBean(AbstractAutowireCapableBeanFactory.java:542) ~[spring-beans-5.3.27.jar:5.3.27]
	at org.springframework.beans.factory.support.AbstractBeanFactory.lambda$doGetBean$0(AbstractBeanFactory.java:335) ~[spring-beans-5.3.27.jar:5.3.27]
	at org.springframework.beans.factory.support.DefaultSingletonBeanRegistry.getSingleton(DefaultSingletonBeanRegistry.java:234) ~[spring-beans-5.3.27.jar:5.3.27]
	at org.springframework.beans.factory.support.AbstractBeanFactory.doGetBean(AbstractBeanFactory.java:333) ~[spring-beans-5.3.27.jar:5.3.27]
	at org.springframework.beans.factory.support.AbstractBeanFactory.getBean(AbstractBeanFactory.java:208) ~[spring-beans-5.3.27.jar:5.3.27]
	at org.springframework.beans.factory.support.DefaultListableBeanFactory.preInstantiateSingletons(DefaultListableBeanFactory.java:955) ~[spring-beans-5.3.27.jar:5.3.27]
	at org.springframework.context.support.AbstractApplicationContext.finishBeanFactoryInitialization(AbstractApplicationContext.java:920) ~[spring-context-5.3.27.jar:5.3.27]
	at org.springframework.context.support.AbstractApplicationContext.refresh(AbstractApplicationContext.java:583) ~[spring-context-5.3.27.jar:5.3.27]
	at org.springframework.boot.web.servlet.context.ServletWebServerApplicationContext.refresh(ServletWebServerApplicationContext.java:147) ~[spring-boot-2.7.12.jar:2.7.12]
	at org.springframework.boot.SpringApplication.refresh(SpringApplication.java:731) ~[spring-boot-2.7.12.jar:2.7.12]
	at org.springframework.boot.SpringApplication.refreshContext(SpringApplication.java:408) ~[spring-boot-2.7.12.jar:2.7.12]
	at org.springframework.boot.SpringApplication.run(SpringApplication.java:307) ~[spring-boot-2.7.12.jar:2.7.12]
	at org.springframework.boot.SpringApplication.run(SpringApplication.java:1303) ~[spring-boot-2.7.12.jar:2.7.12]
	at org.springframework.boot.SpringApplication.run(SpringApplication.java:1292) ~[spring-boot-2.7.12.jar:2.7.12]
	at com.hmall.cart.CartApplication.main(CartApplication.java:11) ~[classes/:na]
Caused by: org.springframework.beans.factory.BeanCreationException: Error creating bean with name 'cartServiceImpl' defined in file [D:\ADevPlan\abackend\java-cloud-server\cloud-server\hmall\cart-service\target\classes\com\hmall\cart\service\impl\CartServiceImpl.class]: Instantiation of bean failed; nested exception is org.springframework.beans.BeanInstantiationException: Failed to instantiate [com.hmall.cart.service.impl.CartServiceImpl]: Constructor threw exception; nested exception is java.lang.NullPointerException: Cannot invoke "org.springframework.cloud.client.discovery.DiscoveryClient.getInstances(String)" because "this.discoveryClient" is null
	at org.springframework.beans.factory.support.AbstractAutowireCapableBeanFactory.instantiateBean(AbstractAutowireCapableBeanFactory.java:1334) ~[spring-beans-5.3.27.jar:5.3.27]
	at org.springframework.beans.factory.support.AbstractAutowireCapableBeanFactory.createBeanInstance(AbstractAutowireCapableBeanFactory.java:1232) ~[spring-beans-5.3.27.jar:5.3.27]
	at org.springframework.beans.factory.support.AbstractAutowireCapableBeanFactory.doCreateBean(AbstractAutowireCapableBeanFactory.java:582) ~[spring-beans-5.3.27.jar:5.3.27]
	at org.springframework.beans.factory.support.AbstractAutowireCapableBeanFactory.createBean(AbstractAutowireCapableBeanFactory.java:542) ~[spring-beans-5.3.27.jar:5.3.27]
	at org.springframework.beans.factory.support.AbstractBeanFactory.lambda$doGetBean$0(AbstractBeanFactory.java:335) ~[spring-beans-5.3.27.jar:5.3.27]
	at org.springframework.beans.factory.support.DefaultSingletonBeanRegistry.getSingleton(DefaultSingletonBeanRegistry.java:234) ~[spring-beans-5.3.27.jar:5.3.27]
	at org.springframework.beans.factory.support.AbstractBeanFactory.doGetBean(AbstractBeanFactory.java:333) ~[spring-beans-5.3.27.jar:5.3.27]
	at org.springframework.beans.factory.support.AbstractBeanFactory.getBean(AbstractBeanFactory.java:208) ~[spring-beans-5.3.27.jar:5.3.27]
	at org.springframework.beans.factory.config.DependencyDescriptor.resolveCandidate(DependencyDescriptor.java:276) ~[spring-beans-5.3.27.jar:5.3.27]
	at org.springframework.beans.factory.support.DefaultListableBeanFactory.doResolveDependency(DefaultListableBeanFactory.java:1391) ~[spring-beans-5.3.27.jar:5.3.27]
	at org.springframework.beans.factory.support.DefaultListableBeanFactory.resolveDependency(DefaultListableBeanFactory.java:1311) ~[spring-beans-5.3.27.jar:5.3.27]
	at org.springframework.beans.factory.support.ConstructorResolver.resolveAutowiredArgument(ConstructorResolver.java:887) ~[spring-beans-5.3.27.jar:5.3.27]
	at org.springframework.beans.factory.support.ConstructorResolver.createArgumentArray(ConstructorResolver.java:791) ~[spring-beans-5.3.27.jar:5.3.27]
	... 19 common frames omitted
Caused by: org.springframework.beans.BeanInstantiationException: Failed to instantiate [com.hmall.cart.service.impl.CartServiceImpl]: Constructor threw exception; nested exception is java.lang.NullPointerException: Cannot invoke "org.springframework.cloud.client.discovery.DiscoveryClient.getInstances(String)" because "this.discoveryClient" is null
	at org.springframework.beans.BeanUtils.instantiateClass(BeanUtils.java:224) ~[spring-beans-5.3.27.jar:5.3.27]
	at org.springframework.beans.factory.support.SimpleInstantiationStrategy.instantiate(SimpleInstantiationStrategy.java:87) ~[spring-beans-5.3.27.jar:5.3.27]
	at org.springframework.beans.factory.support.AbstractAutowireCapableBeanFactory.instantiateBean(AbstractAutowireCapableBeanFactory.java:1326) ~[spring-beans-5.3.27.jar:5.3.27]
	... 31 common frames omitted
Caused by: java.lang.NullPointerException: Cannot invoke "org.springframework.cloud.client.discovery.DiscoveryClient.getInstances(String)" because "this.discoveryClient" is null
	at com.hmall.cart.service.impl.CartServiceImpl.<init>(CartServiceImpl.java:88) ~[classes/:na]
	at java.base/jdk.internal.reflect.NativeConstructorAccessorImpl.newInstance0(Native Method) ~[na:na]
	at java.base/jdk.internal.reflect.NativeConstructorAccessorImpl.newInstance(NativeConstructorAccessorImpl.java:77) ~[na:na]
	at java.base/jdk.internal.reflect.DelegatingConstructorAccessorImpl.newInstance(DelegatingConstructorAccessorImpl.java:45) ~[na:na]
	at java.base/java.lang.reflect.Constructor.newInstanceWithCaller(Constructor.java:500) ~[na:na]
	at java.base/java.lang.reflect.Constructor.newInstance(Constructor.java:481) ~[na:na]
	at org.springframework.beans.BeanUtils.instantiateClass(BeanUtils.java:211) ~[spring-beans-5.3.27.jar:5.3.27]
	... 33 common frames omitted

10:18:50:037  INFO 20240 --- [main] com.hmall.cart.CartApplication           : Starting CartApplication using Java 17.0.14 on LAPTOP-RCD2EBQ7 with PID 20240 (D:\ADevPlan\abackend\java-cloud-server\cloud-server\hmall\cart-service\target\classes started by Konoha in D:\ADevPlan\abackend\java-cloud-server\cloud-server\hmall\cart-service)
10:18:50:039 DEBUG 20240 --- [main] com.hmall.cart.CartApplication           : Running with Spring Boot v2.7.12, Spring v5.3.27
10:18:50:040  INFO 20240 --- [main] com.hmall.cart.CartApplication           : The following 1 profile is active: "dev"
10:18:50:871  INFO 20240 --- [main] o.s.cloud.context.scope.GenericScope     : BeanFactory id=7878ecf8-64dd-3b0d-9f5b-2d5441060bfa
10:18:51:319  INFO 20240 --- [main] o.s.b.w.embedded.tomcat.TomcatWebServer  : Tomcat initialized with port(s): 8082 (http)
10:18:51:329  INFO 20240 --- [main] o.apache.catalina.core.StandardService   : Starting service [Tomcat]
10:18:51:330  INFO 20240 --- [main] org.apache.catalina.core.StandardEngine  : Starting Servlet engine: [Apache Tomcat/9.0.75]
10:18:51:481  INFO 20240 --- [main] o.a.c.c.C.[Tomcat].[localhost].[/]       : Initializing Spring embedded WebApplicationContext
10:18:51:482  INFO 20240 --- [main] w.s.c.ServletWebServerApplicationContext : Root WebApplicationContext: initialization completed in 1403 ms
10:18:51:562  WARN 20240 --- [main] ConfigServletWebServerApplicationContext : Exception encountered during context initialization - cancelling refresh attempt: org.springframework.beans.factory.UnsatisfiedDependencyException: Error creating bean with name 'cartController' defined in file [D:\ADevPlan\abackend\java-cloud-server\cloud-server\hmall\cart-service\target\classes\com\hmall\cart\controller\CartController.class]: Unsatisfied dependency expressed through constructor parameter 0; nested exception is org.springframework.beans.factory.BeanCreationException: Error creating bean with name 'cartServiceImpl' defined in file [D:\ADevPlan\abackend\java-cloud-server\cloud-server\hmall\cart-service\target\classes\com\hmall\cart\service\impl\CartServiceImpl.class]: Instantiation of bean failed; nested exception is org.springframework.beans.BeanInstantiationException: Failed to instantiate [com.hmall.cart.service.impl.CartServiceImpl]: Constructor threw exception; nested exception is java.lang.NullPointerException: Cannot invoke "org.springframework.cloud.client.discovery.DiscoveryClient.getInstances(String)" because "this.discoveryClient" is null
10:18:51:566  INFO 20240 --- [main] o.apache.catalina.core.StandardService   : Stopping service [Tomcat]
10:18:51:591  INFO 20240 --- [main] ConditionEvaluationReportLoggingListener :

Error starting ApplicationContext. To display the conditions report re-run your application with 'debug' enabled.
10:18:51:615 ERROR 20240 --- [main] o.s.boot.SpringApplication               : Application run failed

org.springframework.beans.factory.UnsatisfiedDependencyException: Error creating bean with name 'cartController' defined in file [D:\ADevPlan\abackend\java-cloud-server\cloud-server\hmall\cart-service\target\classes\com\hmall\cart\controller\CartController.class]: Unsatisfied dependency expressed through constructor parameter 0; nested exception is org.springframework.beans.factory.BeanCreationException: Error creating bean with name 'cartServiceImpl' defined in file [D:\ADevPlan\abackend\java-cloud-server\cloud-server\hmall\cart-service\target\classes\com\hmall\cart\service\impl\CartServiceImpl.class]: Instantiation of bean failed; nested exception is org.springframework.beans.BeanInstantiationException: Failed to instantiate [com.hmall.cart.service.impl.CartServiceImpl]: Constructor threw exception; nested exception is java.lang.NullPointerException: Cannot invoke "org.springframework.cloud.client.discovery.DiscoveryClient.getInstances(String)" because "this.discoveryClient" is null
	at org.springframework.beans.factory.support.ConstructorResolver.createArgumentArray(ConstructorResolver.java:800) ~[spring-beans-5.3.27.jar:5.3.27]
	at org.springframework.beans.factory.support.ConstructorResolver.autowireConstructor(ConstructorResolver.java:229) ~[spring-beans-5.3.27.jar:5.3.27]
	at org.springframework.beans.factory.support.AbstractAutowireCapableBeanFactory.autowireConstructor(AbstractAutowireCapableBeanFactory.java:1372) ~[spring-beans-5.3.27.jar:5.3.27]
	at org.springframework.beans.factory.support.AbstractAutowireCapableBeanFactory.createBeanInstance(AbstractAutowireCapableBeanFactory.java:1222) ~[spring-beans-5.3.27.jar:5.3.27]
	at org.springframework.beans.factory.support.AbstractAutowireCapableBeanFactory.doCreateBean(AbstractAutowireCapableBeanFactory.java:582) ~[spring-beans-5.3.27.jar:5.3.27]
	at org.springframework.beans.factory.support.AbstractAutowireCapableBeanFactory.createBean(AbstractAutowireCapableBeanFactory.java:542) ~[spring-beans-5.3.27.jar:5.3.27]
	at org.springframework.beans.factory.support.AbstractBeanFactory.lambda$doGetBean$0(AbstractBeanFactory.java:335) ~[spring-beans-5.3.27.jar:5.3.27]
	at org.springframework.beans.factory.support.DefaultSingletonBeanRegistry.getSingleton(DefaultSingletonBeanRegistry.java:234) ~[spring-beans-5.3.27.jar:5.3.27]
	at org.springframework.beans.factory.support.AbstractBeanFactory.doGetBean(AbstractBeanFactory.java:333) ~[spring-beans-5.3.27.jar:5.3.27]
	at org.springframework.beans.factory.support.AbstractBeanFactory.getBean(AbstractBeanFactory.java:208) ~[spring-beans-5.3.27.jar:5.3.27]
	at org.springframework.beans.factory.support.DefaultListableBeanFactory.preInstantiateSingletons(DefaultListableBeanFactory.java:955) ~[spring-beans-5.3.27.jar:5.3.27]
	at org.springframework.context.support.AbstractApplicationContext.finishBeanFactoryInitialization(AbstractApplicationContext.java:920) ~[spring-context-5.3.27.jar:5.3.27]
	at org.springframework.context.support.AbstractApplicationContext.refresh(AbstractApplicationContext.java:583) ~[spring-context-5.3.27.jar:5.3.27]
	at org.springframework.boot.web.servlet.context.ServletWebServerApplicationContext.refresh(ServletWebServerApplicationContext.java:147) ~[spring-boot-2.7.12.jar:2.7.12]
	at org.springframework.boot.SpringApplication.refresh(SpringApplication.java:731) ~[spring-boot-2.7.12.jar:2.7.12]
	at org.springframework.boot.SpringApplication.refreshContext(SpringApplication.java:408) ~[spring-boot-2.7.12.jar:2.7.12]
	at org.springframework.boot.SpringApplication.run(SpringApplication.java:307) ~[spring-boot-2.7.12.jar:2.7.12]
	at org.springframework.boot.SpringApplication.run(SpringApplication.java:1303) ~[spring-boot-2.7.12.jar:2.7.12]
	at org.springframework.boot.SpringApplication.run(SpringApplication.java:1292) ~[spring-boot-2.7.12.jar:2.7.12]
	at com.hmall.cart.CartApplication.main(CartApplication.java:11) ~[classes/:na]
Caused by: org.springframework.beans.factory.BeanCreationException: Error creating bean with name 'cartServiceImpl' defined in file [D:\ADevPlan\abackend\java-cloud-server\cloud-server\hmall\cart-service\target\classes\com\hmall\cart\service\impl\CartServiceImpl.class]: Instantiation of bean failed; nested exception is org.springframework.beans.BeanInstantiationException: Failed to instantiate [com.hmall.cart.service.impl.CartServiceImpl]: Constructor threw exception; nested exception is java.lang.NullPointerException: Cannot invoke "org.springframework.cloud.client.discovery.DiscoveryClient.getInstances(String)" because "this.discoveryClient" is null
	at org.springframework.beans.factory.support.AbstractAutowireCapableBeanFactory.instantiateBean(AbstractAutowireCapableBeanFactory.java:1334) ~[spring-beans-5.3.27.jar:5.3.27]
	at org.springframework.beans.factory.support.AbstractAutowireCapableBeanFactory.createBeanInstance(AbstractAutowireCapableBeanFactory.java:1232) ~[spring-beans-5.3.27.jar:5.3.27]
	at org.springframework.beans.factory.support.AbstractAutowireCapableBeanFactory.doCreateBean(AbstractAutowireCapableBeanFactory.java:582) ~[spring-beans-5.3.27.jar:5.3.27]
	at org.springframework.beans.factory.support.AbstractAutowireCapableBeanFactory.createBean(AbstractAutowireCapableBeanFactory.java:542) ~[spring-beans-5.3.27.jar:5.3.27]
	at org.springframework.beans.factory.support.AbstractBeanFactory.lambda$doGetBean$0(AbstractBeanFactory.java:335) ~[spring-beans-5.3.27.jar:5.3.27]
	at org.springframework.beans.factory.support.DefaultSingletonBeanRegistry.getSingleton(DefaultSingletonBeanRegistry.java:234) ~[spring-beans-5.3.27.jar:5.3.27]
	at org.springframework.beans.factory.support.AbstractBeanFactory.doGetBean(AbstractBeanFactory.java:333) ~[spring-beans-5.3.27.jar:5.3.27]
	at org.springframework.beans.factory.support.AbstractBeanFactory.getBean(AbstractBeanFactory.java:208) ~[spring-beans-5.3.27.jar:5.3.27]
	at org.springframework.beans.factory.config.DependencyDescriptor.resolveCandidate(DependencyDescriptor.java:276) ~[spring-beans-5.3.27.jar:5.3.27]
	at org.springframework.beans.factory.support.DefaultListableBeanFactory.doResolveDependency(DefaultListableBeanFactory.java:1391) ~[spring-beans-5.3.27.jar:5.3.27]
	at org.springframework.beans.factory.support.DefaultListableBeanFactory.resolveDependency(DefaultListableBeanFactory.java:1311) ~[spring-beans-5.3.27.jar:5.3.27]
	at org.springframework.beans.factory.support.ConstructorResolver.resolveAutowiredArgument(ConstructorResolver.java:887) ~[spring-beans-5.3.27.jar:5.3.27]
	at org.springframework.beans.factory.support.ConstructorResolver.createArgumentArray(ConstructorResolver.java:791) ~[spring-beans-5.3.27.jar:5.3.27]
	... 19 common frames omitted
Caused by: org.springframework.beans.BeanInstantiationException: Failed to instantiate [com.hmall.cart.service.impl.CartServiceImpl]: Constructor threw exception; nested exception is java.lang.NullPointerException: Cannot invoke "org.springframework.cloud.client.discovery.DiscoveryClient.getInstances(String)" because "this.discoveryClient" is null
	at org.springframework.beans.BeanUtils.instantiateClass(BeanUtils.java:224) ~[spring-beans-5.3.27.jar:5.3.27]
	at org.springframework.beans.factory.support.SimpleInstantiationStrategy.instantiate(SimpleInstantiationStrategy.java:87) ~[spring-beans-5.3.27.jar:5.3.27]
	at org.springframework.beans.factory.support.AbstractAutowireCapableBeanFactory.instantiateBean(AbstractAutowireCapableBeanFactory.java:1326) ~[spring-beans-5.3.27.jar:5.3.27]
	... 31 common frames omitted
Caused by: java.lang.NullPointerException: Cannot invoke "org.springframework.cloud.client.discovery.DiscoveryClient.getInstances(String)" because "this.discoveryClient" is null
	at com.hmall.cart.service.impl.CartServiceImpl.<init>(CartServiceImpl.java:89) ~[classes/:na]
	at java.base/jdk.internal.reflect.NativeConstructorAccessorImpl.newInstance0(Native Method) ~[na:na]
	at java.base/jdk.internal.reflect.NativeConstructorAccessorImpl.newInstance(NativeConstructorAccessorImpl.java:77) ~[na:na]
	at java.base/jdk.internal.reflect.DelegatingConstructorAccessorImpl.newInstance(DelegatingConstructorAccessorImpl.java:45) ~[na:na]
	at java.base/java.lang.reflect.Constructor.newInstanceWithCaller(Constructor.java:500) ~[na:na]
	at java.base/java.lang.reflect.Constructor.newInstance(Constructor.java:481) ~[na:na]
	at org.springframework.beans.BeanUtils.instantiateClass(BeanUtils.java:211) ~[spring-beans-5.3.27.jar:5.3.27]
	... 33 common frames omitted

10:23:55:330  INFO 17716 --- [main] com.hmall.cart.CartApplication           : Starting CartApplication using Java 17.0.14 on LAPTOP-RCD2EBQ7 with PID 17716 (D:\ADevPlan\abackend\java-cloud-server\cloud-server\hmall\cart-service\target\classes started by Konoha in D:\ADevPlan\abackend\java-cloud-server\cloud-server\hmall\cart-service)
10:23:55:332 DEBUG 17716 --- [main] com.hmall.cart.CartApplication           : Running with Spring Boot v2.7.12, Spring v5.3.27
10:23:55:333  INFO 17716 --- [main] com.hmall.cart.CartApplication           : The following 1 profile is active: "dev"
10:23:56:140  INFO 17716 --- [main] o.s.cloud.context.scope.GenericScope     : BeanFactory id=7878ecf8-64dd-3b0d-9f5b-2d5441060bfa
10:23:56:631  INFO 17716 --- [main] o.s.b.w.embedded.tomcat.TomcatWebServer  : Tomcat initialized with port(s): 8082 (http)
10:23:56:651  INFO 17716 --- [main] o.apache.catalina.core.StandardService   : Starting service [Tomcat]
10:23:56:651  INFO 17716 --- [main] org.apache.catalina.core.StandardEngine  : Starting Servlet engine: [Apache Tomcat/9.0.75]
10:23:56:784  INFO 17716 --- [main] o.a.c.c.C.[Tomcat].[localhost].[/]       : Initializing Spring embedded WebApplicationContext
10:23:56:785  INFO 17716 --- [main] w.s.c.ServletWebServerApplicationContext : Root WebApplicationContext: initialization completed in 1421 ms
10:23:56:869  WARN 17716 --- [main] ConfigServletWebServerApplicationContext : Exception encountered during context initialization - cancelling refresh attempt: org.springframework.beans.factory.UnsatisfiedDependencyException: Error creating bean with name 'cartController' defined in file [D:\ADevPlan\abackend\java-cloud-server\cloud-server\hmall\cart-service\target\classes\com\hmall\cart\controller\CartController.class]: Unsatisfied dependency expressed through constructor parameter 0; nested exception is org.springframework.beans.factory.BeanCreationException: Error creating bean with name 'cartServiceImpl' defined in file [D:\ADevPlan\abackend\java-cloud-server\cloud-server\hmall\cart-service\target\classes\com\hmall\cart\service\impl\CartServiceImpl.class]: Instantiation of bean failed; nested exception is org.springframework.beans.BeanInstantiationException: Failed to instantiate [com.hmall.cart.service.impl.CartServiceImpl]: Constructor threw exception; nested exception is java.lang.NullPointerException: Cannot invoke "org.springframework.cloud.client.discovery.DiscoveryClient.getInstances(String)" because "this.discoveryClient" is null
10:23:56:873  INFO 17716 --- [main] o.apache.catalina.core.StandardService   : Stopping service [Tomcat]
10:23:56:893  INFO 17716 --- [main] ConditionEvaluationReportLoggingListener :

Error starting ApplicationContext. To display the conditions report re-run your application with 'debug' enabled.
10:23:56:912 ERROR 17716 --- [main] o.s.boot.SpringApplication               : Application run failed

org.springframework.beans.factory.UnsatisfiedDependencyException: Error creating bean with name 'cartController' defined in file [D:\ADevPlan\abackend\java-cloud-server\cloud-server\hmall\cart-service\target\classes\com\hmall\cart\controller\CartController.class]: Unsatisfied dependency expressed through constructor parameter 0; nested exception is org.springframework.beans.factory.BeanCreationException: Error creating bean with name 'cartServiceImpl' defined in file [D:\ADevPlan\abackend\java-cloud-server\cloud-server\hmall\cart-service\target\classes\com\hmall\cart\service\impl\CartServiceImpl.class]: Instantiation of bean failed; nested exception is org.springframework.beans.BeanInstantiationException: Failed to instantiate [com.hmall.cart.service.impl.CartServiceImpl]: Constructor threw exception; nested exception is java.lang.NullPointerException: Cannot invoke "org.springframework.cloud.client.discovery.DiscoveryClient.getInstances(String)" because "this.discoveryClient" is null
	at org.springframework.beans.factory.support.ConstructorResolver.createArgumentArray(ConstructorResolver.java:800) ~[spring-beans-5.3.27.jar:5.3.27]
	at org.springframework.beans.factory.support.ConstructorResolver.autowireConstructor(ConstructorResolver.java:229) ~[spring-beans-5.3.27.jar:5.3.27]
	at org.springframework.beans.factory.support.AbstractAutowireCapableBeanFactory.autowireConstructor(AbstractAutowireCapableBeanFactory.java:1372) ~[spring-beans-5.3.27.jar:5.3.27]
	at org.springframework.beans.factory.support.AbstractAutowireCapableBeanFactory.createBeanInstance(AbstractAutowireCapableBeanFactory.java:1222) ~[spring-beans-5.3.27.jar:5.3.27]
	at org.springframework.beans.factory.support.AbstractAutowireCapableBeanFactory.doCreateBean(AbstractAutowireCapableBeanFactory.java:582) ~[spring-beans-5.3.27.jar:5.3.27]
	at org.springframework.beans.factory.support.AbstractAutowireCapableBeanFactory.createBean(AbstractAutowireCapableBeanFactory.java:542) ~[spring-beans-5.3.27.jar:5.3.27]
	at org.springframework.beans.factory.support.AbstractBeanFactory.lambda$doGetBean$0(AbstractBeanFactory.java:335) ~[spring-beans-5.3.27.jar:5.3.27]
	at org.springframework.beans.factory.support.DefaultSingletonBeanRegistry.getSingleton(DefaultSingletonBeanRegistry.java:234) ~[spring-beans-5.3.27.jar:5.3.27]
	at org.springframework.beans.factory.support.AbstractBeanFactory.doGetBean(AbstractBeanFactory.java:333) ~[spring-beans-5.3.27.jar:5.3.27]
	at org.springframework.beans.factory.support.AbstractBeanFactory.getBean(AbstractBeanFactory.java:208) ~[spring-beans-5.3.27.jar:5.3.27]
	at org.springframework.beans.factory.support.DefaultListableBeanFactory.preInstantiateSingletons(DefaultListableBeanFactory.java:955) ~[spring-beans-5.3.27.jar:5.3.27]
	at org.springframework.context.support.AbstractApplicationContext.finishBeanFactoryInitialization(AbstractApplicationContext.java:920) ~[spring-context-5.3.27.jar:5.3.27]
	at org.springframework.context.support.AbstractApplicationContext.refresh(AbstractApplicationContext.java:583) ~[spring-context-5.3.27.jar:5.3.27]
	at org.springframework.boot.web.servlet.context.ServletWebServerApplicationContext.refresh(ServletWebServerApplicationContext.java:147) ~[spring-boot-2.7.12.jar:2.7.12]
	at org.springframework.boot.SpringApplication.refresh(SpringApplication.java:731) ~[spring-boot-2.7.12.jar:2.7.12]
	at org.springframework.boot.SpringApplication.refreshContext(SpringApplication.java:408) ~[spring-boot-2.7.12.jar:2.7.12]
	at org.springframework.boot.SpringApplication.run(SpringApplication.java:307) ~[spring-boot-2.7.12.jar:2.7.12]
	at org.springframework.boot.SpringApplication.run(SpringApplication.java:1303) ~[spring-boot-2.7.12.jar:2.7.12]
	at org.springframework.boot.SpringApplication.run(SpringApplication.java:1292) ~[spring-boot-2.7.12.jar:2.7.12]
	at com.hmall.cart.CartApplication.main(CartApplication.java:11) ~[classes/:na]
Caused by: org.springframework.beans.factory.BeanCreationException: Error creating bean with name 'cartServiceImpl' defined in file [D:\ADevPlan\abackend\java-cloud-server\cloud-server\hmall\cart-service\target\classes\com\hmall\cart\service\impl\CartServiceImpl.class]: Instantiation of bean failed; nested exception is org.springframework.beans.BeanInstantiationException: Failed to instantiate [com.hmall.cart.service.impl.CartServiceImpl]: Constructor threw exception; nested exception is java.lang.NullPointerException: Cannot invoke "org.springframework.cloud.client.discovery.DiscoveryClient.getInstances(String)" because "this.discoveryClient" is null
	at org.springframework.beans.factory.support.AbstractAutowireCapableBeanFactory.instantiateBean(AbstractAutowireCapableBeanFactory.java:1334) ~[spring-beans-5.3.27.jar:5.3.27]
	at org.springframework.beans.factory.support.AbstractAutowireCapableBeanFactory.createBeanInstance(AbstractAutowireCapableBeanFactory.java:1232) ~[spring-beans-5.3.27.jar:5.3.27]
	at org.springframework.beans.factory.support.AbstractAutowireCapableBeanFactory.doCreateBean(AbstractAutowireCapableBeanFactory.java:582) ~[spring-beans-5.3.27.jar:5.3.27]
	at org.springframework.beans.factory.support.AbstractAutowireCapableBeanFactory.createBean(AbstractAutowireCapableBeanFactory.java:542) ~[spring-beans-5.3.27.jar:5.3.27]
	at org.springframework.beans.factory.support.AbstractBeanFactory.lambda$doGetBean$0(AbstractBeanFactory.java:335) ~[spring-beans-5.3.27.jar:5.3.27]
	at org.springframework.beans.factory.support.DefaultSingletonBeanRegistry.getSingleton(DefaultSingletonBeanRegistry.java:234) ~[spring-beans-5.3.27.jar:5.3.27]
	at org.springframework.beans.factory.support.AbstractBeanFactory.doGetBean(AbstractBeanFactory.java:333) ~[spring-beans-5.3.27.jar:5.3.27]
	at org.springframework.beans.factory.support.AbstractBeanFactory.getBean(AbstractBeanFactory.java:208) ~[spring-beans-5.3.27.jar:5.3.27]
	at org.springframework.beans.factory.config.DependencyDescriptor.resolveCandidate(DependencyDescriptor.java:276) ~[spring-beans-5.3.27.jar:5.3.27]
	at org.springframework.beans.factory.support.DefaultListableBeanFactory.doResolveDependency(DefaultListableBeanFactory.java:1391) ~[spring-beans-5.3.27.jar:5.3.27]
	at org.springframework.beans.factory.support.DefaultListableBeanFactory.resolveDependency(DefaultListableBeanFactory.java:1311) ~[spring-beans-5.3.27.jar:5.3.27]
	at org.springframework.beans.factory.support.ConstructorResolver.resolveAutowiredArgument(ConstructorResolver.java:887) ~[spring-beans-5.3.27.jar:5.3.27]
	at org.springframework.beans.factory.support.ConstructorResolver.createArgumentArray(ConstructorResolver.java:791) ~[spring-beans-5.3.27.jar:5.3.27]
	... 19 common frames omitted
Caused by: org.springframework.beans.BeanInstantiationException: Failed to instantiate [com.hmall.cart.service.impl.CartServiceImpl]: Constructor threw exception; nested exception is java.lang.NullPointerException: Cannot invoke "org.springframework.cloud.client.discovery.DiscoveryClient.getInstances(String)" because "this.discoveryClient" is null
	at org.springframework.beans.BeanUtils.instantiateClass(BeanUtils.java:224) ~[spring-beans-5.3.27.jar:5.3.27]
	at org.springframework.beans.factory.support.SimpleInstantiationStrategy.instantiate(SimpleInstantiationStrategy.java:87) ~[spring-beans-5.3.27.jar:5.3.27]
	at org.springframework.beans.factory.support.AbstractAutowireCapableBeanFactory.instantiateBean(AbstractAutowireCapableBeanFactory.java:1326) ~[spring-beans-5.3.27.jar:5.3.27]
	... 31 common frames omitted
Caused by: java.lang.NullPointerException: Cannot invoke "org.springframework.cloud.client.discovery.DiscoveryClient.getInstances(String)" because "this.discoveryClient" is null
	at com.hmall.cart.service.impl.CartServiceImpl.<init>(CartServiceImpl.java:89) ~[classes/:na]
	at java.base/jdk.internal.reflect.NativeConstructorAccessorImpl.newInstance0(Native Method) ~[na:na]
	at java.base/jdk.internal.reflect.NativeConstructorAccessorImpl.newInstance(NativeConstructorAccessorImpl.java:77) ~[na:na]
	at java.base/jdk.internal.reflect.DelegatingConstructorAccessorImpl.newInstance(DelegatingConstructorAccessorImpl.java:45) ~[na:na]
	at java.base/java.lang.reflect.Constructor.newInstanceWithCaller(Constructor.java:500) ~[na:na]
	at java.base/java.lang.reflect.Constructor.newInstance(Constructor.java:481) ~[na:na]
	at org.springframework.beans.BeanUtils.instantiateClass(BeanUtils.java:211) ~[spring-beans-5.3.27.jar:5.3.27]
	... 33 common frames omitted

10:34:29:274  INFO 57952 --- [main] com.hmall.cart.CartApplication           : Starting CartApplication using Java 17.0.14 on LAPTOP-RCD2EBQ7 with PID 57952 (D:\ADevPlan\abackend\java-cloud-server\cloud-server\hmall\cart-service\target\classes started by Konoha in D:\ADevPlan\abackend\java-cloud-server\cloud-server\hmall\cart-service)
10:34:29:276 DEBUG 57952 --- [main] com.hmall.cart.CartApplication           : Running with Spring Boot v2.7.12, Spring v5.3.27
10:34:29:277  INFO 57952 --- [main] com.hmall.cart.CartApplication           : The following 1 profile is active: "dev"
10:34:30:165  INFO 57952 --- [main] o.s.cloud.context.scope.GenericScope     : BeanFactory id=84cbd7f0-b182-3e92-bb85-f78e346f7e54
10:34:30:717  INFO 57952 --- [main] o.s.b.w.embedded.tomcat.TomcatWebServer  : Tomcat initialized with port(s): 8082 (http)
10:34:30:735  INFO 57952 --- [main] o.apache.catalina.core.StandardService   : Starting service [Tomcat]
10:34:30:736  INFO 57952 --- [main] org.apache.catalina.core.StandardEngine  : Starting Servlet engine: [Apache Tomcat/9.0.75]
10:34:30:920  INFO 57952 --- [main] o.a.c.c.C.[Tomcat].[localhost].[/]       : Initializing Spring embedded WebApplicationContext
10:34:30:921  INFO 57952 --- [main] w.s.c.ServletWebServerApplicationContext : Root WebApplicationContext: initialization completed in 1614 ms
10:34:31:005  WARN 57952 --- [main] ConfigServletWebServerApplicationContext : Exception encountered during context initialization - cancelling refresh attempt: org.springframework.beans.factory.UnsatisfiedDependencyException: Error creating bean with name 'cartController' defined in file [D:\ADevPlan\abackend\java-cloud-server\cloud-server\hmall\cart-service\target\classes\com\hmall\cart\controller\CartController.class]: Unsatisfied dependency expressed through constructor parameter 0; nested exception is org.springframework.beans.factory.UnsatisfiedDependencyException: Error creating bean with name 'cartServiceImpl' defined in file [D:\ADevPlan\abackend\java-cloud-server\cloud-server\hmall\cart-service\target\classes\com\hmall\cart\service\impl\CartServiceImpl.class]: Unsatisfied dependency expressed through constructor parameter 0; nested exception is org.springframework.beans.factory.NoSuchBeanDefinitionException: No qualifying bean of type 'client.com.hmall.api.ItemClient' available: expected at least 1 bean which qualifies as autowire candidate. Dependency annotations: {}
10:34:31:010  INFO 57952 --- [main] o.apache.catalina.core.StandardService   : Stopping service [Tomcat]
10:34:31:027  INFO 57952 --- [main] ConditionEvaluationReportLoggingListener :

Error starting ApplicationContext. To display the conditions report re-run your application with 'debug' enabled.
10:34:31:053 ERROR 57952 --- [main] o.s.b.d.LoggingFailureAnalysisReporter   :

***************************
APPLICATION FAILED TO START
***************************

Description:

Parameter 0 of constructor in com.hmall.cart.service.impl.CartServiceImpl required a bean of type 'client.com.hmall.api.ItemClient' that could not be found.


Action:

Consider defining a bean of type 'client.com.hmall.api.ItemClient' in your configuration.

10:37:41:360  INFO 8792 --- [main] com.hmall.cart.CartApplication           : Starting CartApplication using Java 17.0.14 on LAPTOP-RCD2EBQ7 with PID 8792 (D:\ADevPlan\abackend\java-cloud-server\cloud-server\hmall\cart-service\target\classes started by Konoha in D:\ADevPlan\abackend\java-cloud-server\cloud-server\hmall\cart-service)
10:37:41:362 DEBUG 8792 --- [main] com.hmall.cart.CartApplication           : Running with Spring Boot v2.7.12, Spring v5.3.27
10:37:41:362  INFO 8792 --- [main] com.hmall.cart.CartApplication           : The following 1 profile is active: "dev"
10:37:42:328  INFO 8792 --- [main] o.s.cloud.context.scope.GenericScope     : BeanFactory id=261fd337-f76d-3cf4-b50b-cb9f305fa066
10:37:42:856  INFO 8792 --- [main] o.s.b.w.embedded.tomcat.TomcatWebServer  : Tomcat initialized with port(s): 8082 (http)
10:37:42:870  INFO 8792 --- [main] o.apache.catalina.core.StandardService   : Starting service [Tomcat]
10:37:42:870  INFO 8792 --- [main] org.apache.catalina.core.StandardEngine  : Starting Servlet engine: [Apache Tomcat/9.0.75]
10:37:42:984  INFO 8792 --- [main] o.a.c.c.C.[Tomcat].[localhost].[/]       : Initializing Spring embedded WebApplicationContext
10:37:42:985  INFO 8792 --- [main] w.s.c.ServletWebServerApplicationContext : Root WebApplicationContext: initialization completed in 1585 ms
10:37:43:114  INFO 8792 --- [main] o.s.c.openfeign.FeignClientFactoryBean   : For 'item-service' URL not provided. Will try picking an instance via load-balancing.
10:37:44:193  INFO 8792 --- [main] pertySourcedRequestMappingHandlerMapping : Mapped URL path [/v2/api-docs] onto method [springfox.documentation.swagger2.web.Swagger2ControllerWebMvc#getDocumentation(String, HttpServletRequest)]
10:37:44:568  INFO 8792 --- [main] com.alibaba.nacos.common.remote.client   : [RpcClientFactory] create a new rpc client of a6727033-2b7a-4ca4-a430-9e4e9d06ddd9
10:37:44:622  INFO 8792 --- [main] org.reflections.Reflections              : Reflections took 18 ms to scan 1 urls, producing 3 keys and 6 values
10:37:44:640  INFO 8792 --- [main] org.reflections.Reflections              : Reflections took 7 ms to scan 1 urls, producing 4 keys and 9 values
10:37:44:648  INFO 8792 --- [main] org.reflections.Reflections              : Reflections took 4 ms to scan 1 urls, producing 3 keys and 10 values
10:37:44:650  WARN 8792 --- [main] org.reflections.Reflections              : given scan urls are empty. set urls in the configuration
10:37:44:655  INFO 8792 --- [main] org.reflections.Reflections              : Reflections took 5 ms to scan 1 urls, producing 1 keys and 5 values
10:37:44:661  INFO 8792 --- [main] org.reflections.Reflections              : Reflections took 4 ms to scan 1 urls, producing 1 keys and 7 values
10:37:44:665  INFO 8792 --- [main] org.reflections.Reflections              : Reflections took 3 ms to scan 1 urls, producing 2 keys and 8 values
10:37:44:666  WARN 8792 --- [main] org.reflections.Reflections              : given scan urls are empty. set urls in the configuration
10:37:44:666  INFO 8792 --- [main] com.alibaba.nacos.common.remote.client   : [a6727033-2b7a-4ca4-a430-9e4e9d06ddd9] RpcClient init label, labels = {module=naming, source=sdk}
10:37:44:667  INFO 8792 --- [main] com.alibaba.nacos.common.remote.client   : [a6727033-2b7a-4ca4-a430-9e4e9d06ddd9] RpcClient init, ServerListFactory = com.alibaba.nacos.client.naming.core.ServerListManager
10:37:44:667  INFO 8792 --- [main] com.alibaba.nacos.common.remote.client   : [a6727033-2b7a-4ca4-a430-9e4e9d06ddd9] Registry connection listener to current client:com.alibaba.nacos.client.naming.remote.gprc.redo.NamingGrpcRedoService
10:37:44:667  INFO 8792 --- [main] com.alibaba.nacos.common.remote.client   : [a6727033-2b7a-4ca4-a430-9e4e9d06ddd9] Register server push request handler:com.alibaba.nacos.client.naming.remote.gprc.NamingPushRequestHandler
10:37:44:669  INFO 8792 --- [main] com.alibaba.nacos.common.remote.client   : [a6727033-2b7a-4ca4-a430-9e4e9d06ddd9] Try to connect to server on start up, server: {serverIp = '127.0.0.1', server main port = 8848}
10:37:45:414  INFO 8792 --- [main] com.alibaba.nacos.common.remote.client   : [a6727033-2b7a-4ca4-a430-9e4e9d06ddd9] Success to connect to server [127.0.0.1:8848] on start up, connectionId = 1761187065214_172.17.0.1_60916
10:37:45:415  INFO 8792 --- [com.alibaba.nacos.client.remote.worker] com.alibaba.nacos.common.remote.client   : [a6727033-2b7a-4ca4-a430-9e4e9d06ddd9] Notify connected event to listeners.
10:37:45:416  INFO 8792 --- [main] com.alibaba.nacos.common.remote.client   : [a6727033-2b7a-4ca4-a430-9e4e9d06ddd9] Register server push request handler:com.alibaba.nacos.common.remote.client.RpcClient$ConnectResetRequestHandler
10:37:45:417  INFO 8792 --- [main] com.alibaba.nacos.common.remote.client   : [a6727033-2b7a-4ca4-a430-9e4e9d06ddd9] Register server push request handler:com.alibaba.nacos.common.remote.client.RpcClient$$Lambda$929/0x00000210a2750450
10:37:45:492  INFO 8792 --- [main] o.s.b.w.embedded.tomcat.TomcatWebServer  : Tomcat started on port(s): 8082 (http) with context path ''
10:37:45:512  INFO 8792 --- [main] c.a.c.n.registry.NacosServiceRegistry    : nacos registry, DEFAULT_GROUP cart-service 192.168.21.1:8082 register finished
10:37:45:687  INFO 8792 --- [main] d.s.w.p.DocumentationPluginsBootstrapper : Documentation plugins bootstrapped
10:37:45:692  INFO 8792 --- [main] d.s.w.p.DocumentationPluginsBootstrapper : Found 1 custom documentation plugin(s)
10:37:45:721  INFO 8792 --- [main] s.d.s.w.s.ApiListingReferenceScanner     : Scanning for api listing references
10:37:45:841  INFO 8792 --- [main] com.hmall.cart.CartApplication           : Started CartApplication in 5.268 seconds (JVM running for 5.599)
10:37:46:059  INFO 8792 --- [nacos-grpc-client-executor-9] com.alibaba.nacos.common.remote.client   : [a6727033-2b7a-4ca4-a430-9e4e9d06ddd9] Receive server push request, request = NotifySubscriberRequest, requestId = 18
10:37:46:064  INFO 8792 --- [nacos-grpc-client-executor-9] com.alibaba.nacos.common.remote.client   : [a6727033-2b7a-4ca4-a430-9e4e9d06ddd9] Ack server push request, request = NotifySubscriberRequest, requestId = 18
10:37:54:825  INFO 46636 --- [main] com.hmall.cart.CartApplication           : Starting CartApplication using Java 17.0.14 on LAPTOP-RCD2EBQ7 with PID 46636 (D:\ADevPlan\abackend\java-cloud-server\cloud-server\hmall\cart-service\target\classes started by Konoha in D:\ADevPlan\abackend\java-cloud-server\cloud-server\hmall\cart-service)
10:37:54:828 DEBUG 46636 --- [main] com.hmall.cart.CartApplication           : Running with Spring Boot v2.7.12, Spring v5.3.27
10:37:54:829  INFO 46636 --- [main] com.hmall.cart.CartApplication           : The following 1 profile is active: "dev"
10:37:55:693  INFO 46636 --- [main] o.s.cloud.context.scope.GenericScope     : BeanFactory id=261fd337-f76d-3cf4-b50b-cb9f305fa066
10:37:56:238  INFO 46636 --- [main] o.s.b.w.embedded.tomcat.TomcatWebServer  : Tomcat initialized with port(s): 8084 (http)
10:37:56:255  INFO 46636 --- [main] o.apache.catalina.core.StandardService   : Starting service [Tomcat]
10:37:56:256  INFO 46636 --- [main] org.apache.catalina.core.StandardEngine  : Starting Servlet engine: [Apache Tomcat/9.0.75]
10:37:56:411  INFO 46636 --- [main] o.a.c.c.C.[Tomcat].[localhost].[/]       : Initializing Spring embedded WebApplicationContext
10:37:56:411  INFO 46636 --- [main] w.s.c.ServletWebServerApplicationContext : Root WebApplicationContext: initialization completed in 1552 ms
10:37:56:572  INFO 46636 --- [main] o.s.c.openfeign.FeignClientFactoryBean   : For 'item-service' URL not provided. Will try picking an instance via load-balancing.
10:37:57:462  INFO 46636 --- [main] pertySourcedRequestMappingHandlerMapping : Mapped URL path [/v2/api-docs] onto method [springfox.documentation.swagger2.web.Swagger2ControllerWebMvc#getDocumentation(String, HttpServletRequest)]
10:37:57:858  INFO 46636 --- [main] com.alibaba.nacos.common.remote.client   : [RpcClientFactory] create a new rpc client of f658fec2-acbd-4d11-8ee3-f27182cbd291
10:37:57:932  INFO 46636 --- [main] org.reflections.Reflections              : Reflections took 25 ms to scan 1 urls, producing 3 keys and 6 values
10:37:57:950  INFO 46636 --- [main] org.reflections.Reflections              : Reflections took 6 ms to scan 1 urls, producing 4 keys and 9 values
10:37:57:956  INFO 46636 --- [main] org.reflections.Reflections              : Reflections took 6 ms to scan 1 urls, producing 3 keys and 10 values
10:37:57:956  WARN 46636 --- [main] org.reflections.Reflections              : given scan urls are empty. set urls in the configuration
10:37:57:961  INFO 46636 --- [main] org.reflections.Reflections              : Reflections took 1 ms to scan 1 urls, producing 1 keys and 5 values
10:37:57:969  INFO 46636 --- [main] org.reflections.Reflections              : Reflections took 5 ms to scan 1 urls, producing 1 keys and 7 values
10:37:57:973  INFO 46636 --- [main] org.reflections.Reflections              : Reflections took 1 ms to scan 1 urls, producing 2 keys and 8 values
10:37:57:977  WARN 46636 --- [main] org.reflections.Reflections              : given scan urls are empty. set urls in the configuration
10:37:57:977  INFO 46636 --- [main] com.alibaba.nacos.common.remote.client   : [f658fec2-acbd-4d11-8ee3-f27182cbd291] RpcClient init label, labels = {module=naming, source=sdk}
10:37:57:981  INFO 46636 --- [main] com.alibaba.nacos.common.remote.client   : [f658fec2-acbd-4d11-8ee3-f27182cbd291] RpcClient init, ServerListFactory = com.alibaba.nacos.client.naming.core.ServerListManager
10:37:57:981  INFO 46636 --- [main] com.alibaba.nacos.common.remote.client   : [f658fec2-acbd-4d11-8ee3-f27182cbd291] Registry connection listener to current client:com.alibaba.nacos.client.naming.remote.gprc.redo.NamingGrpcRedoService
10:37:57:982  INFO 46636 --- [main] com.alibaba.nacos.common.remote.client   : [f658fec2-acbd-4d11-8ee3-f27182cbd291] Register server push request handler:com.alibaba.nacos.client.naming.remote.gprc.NamingPushRequestHandler
10:37:57:982  INFO 46636 --- [main] com.alibaba.nacos.common.remote.client   : [f658fec2-acbd-4d11-8ee3-f27182cbd291] Try to connect to server on start up, server: {serverIp = '127.0.0.1', server main port = 8848}
10:37:58:879  INFO 8792 --- [http-nio-8082-exec-1] o.a.c.c.C.[Tomcat].[localhost].[/]       : Initializing Spring DispatcherServlet 'dispatcherServlet'
10:37:58:879  INFO 8792 --- [http-nio-8082-exec-1] o.s.web.servlet.DispatcherServlet        : Initializing Servlet 'dispatcherServlet'
10:37:58:879  INFO 8792 --- [http-nio-8082-exec-1] o.s.web.servlet.DispatcherServlet        : Completed initialization in 0 ms
10:37:58:883  INFO 46636 --- [main] com.alibaba.nacos.common.remote.client   : [f658fec2-acbd-4d11-8ee3-f27182cbd291] Success to connect to server [127.0.0.1:8848] on start up, connectionId = 1761187078691_172.17.0.1_37796
10:37:58:884  INFO 46636 --- [com.alibaba.nacos.client.remote.worker] com.alibaba.nacos.common.remote.client   : [f658fec2-acbd-4d11-8ee3-f27182cbd291] Notify connected event to listeners.
10:37:58:884  INFO 46636 --- [main] com.alibaba.nacos.common.remote.client   : [f658fec2-acbd-4d11-8ee3-f27182cbd291] Register server push request handler:com.alibaba.nacos.common.remote.client.RpcClient$ConnectResetRequestHandler
10:37:58:884  INFO 46636 --- [main] com.alibaba.nacos.common.remote.client   : [f658fec2-acbd-4d11-8ee3-f27182cbd291] Register server push request handler:com.alibaba.nacos.common.remote.client.RpcClient$$Lambda$929/0x000002144374e048
10:37:58:950  INFO 46636 --- [main] o.s.b.w.embedded.tomcat.TomcatWebServer  : Tomcat started on port(s): 8084 (http) with context path ''
10:37:58:966  INFO 46636 --- [main] c.a.c.n.registry.NacosServiceRegistry    : nacos registry, DEFAULT_GROUP cart-service 192.168.21.1:8084 register finished
10:37:59:111  INFO 46636 --- [main] d.s.w.p.DocumentationPluginsBootstrapper : Documentation plugins bootstrapped
10:37:59:114  INFO 46636 --- [main] d.s.w.p.DocumentationPluginsBootstrapper : Found 1 custom documentation plugin(s)
10:37:59:141  INFO 46636 --- [main] s.d.s.w.s.ApiListingReferenceScanner     : Scanning for api listing references
10:37:59:222  INFO 46636 --- [main] com.hmall.cart.CartApplication           : Started CartApplication in 4.955 seconds (JVM running for 5.241)
10:37:59:469  INFO 8792 --- [nacos-grpc-client-executor-12] com.alibaba.nacos.common.remote.client   : [a6727033-2b7a-4ca4-a430-9e4e9d06ddd9] Receive server push request, request = NotifySubscriberRequest, requestId = 19
10:37:59:476  INFO 8792 --- [nacos-grpc-client-executor-12] com.alibaba.nacos.common.remote.client   : [a6727033-2b7a-4ca4-a430-9e4e9d06ddd9] Ack server push request, request = NotifySubscriberRequest, requestId = 19
10:37:59:489  INFO 46636 --- [nacos-grpc-client-executor-9] com.alibaba.nacos.common.remote.client   : [f658fec2-acbd-4d11-8ee3-f27182cbd291] Receive server push request, request = NotifySubscriberRequest, requestId = 20
10:37:59:489  INFO 46636 --- [nacos-grpc-client-executor-9] com.alibaba.nacos.common.remote.client   : [f658fec2-acbd-4d11-8ee3-f27182cbd291] Ack server push request, request = NotifySubscriberRequest, requestId = 20
10:38:04:945  INFO 8792 --- [http-nio-8082-exec-2] com.zaxxer.hikari.HikariDataSource       : HikariPool-1 - Starting...
10:38:05:466  INFO 8792 --- [http-nio-8082-exec-2] com.zaxxer.hikari.HikariDataSource       : HikariPool-1 - Start completed.
10:38:05:484 DEBUG 8792 --- [http-nio-8082-exec-2] c.h.cart.mapper.CartMapper.selectList    : ==>  Preparing: SELECT id,user_id,item_id,num,name,spec,price,image,create_time,update_time FROM cart WHERE (user_id = ?)
10:38:05:539 DEBUG 8792 --- [http-nio-8082-exec-2] c.h.cart.mapper.CartMapper.selectList    : ==> Parameters: 1(Long)
10:38:05:614 DEBUG 8792 --- [http-nio-8082-exec-2] c.h.cart.mapper.CartMapper.selectList    : <==      Total: 1
10:38:06:384  INFO 8792 --- [nacos-grpc-client-executor-15] com.alibaba.nacos.common.remote.client   : [a6727033-2b7a-4ca4-a430-9e4e9d06ddd9] Receive server push request, request = NotifySubscriberRequest, requestId = 21
10:38:06:386  INFO 8792 --- [nacos-grpc-client-executor-15] com.alibaba.nacos.common.remote.client   : [a6727033-2b7a-4ca4-a430-9e4e9d06ddd9] Ack server push request, request = NotifySubscriberRequest, requestId = 21
10:41:43:130  WARN 46636 --- [Thread-7] c.a.n.common.http.HttpClientBeanHolder   : [HttpClientBeanHolder] Start destroying common HttpClient
10:41:43:131  WARN 46636 --- [Thread-4] c.a.nacos.common.notify.NotifyCenter     : [NotifyCenter] Start destroying Publisher
10:41:43:132  WARN 46636 --- [Thread-4] c.a.nacos.common.notify.NotifyCenter     : [NotifyCenter] Destruction of the end
10:41:43:132  WARN 46636 --- [Thread-7] c.a.n.common.http.HttpClientBeanHolder   : [HttpClientBeanHolder] Destruction of the end
10:41:43:197  INFO 46636 --- [SpringApplicationShutdownHook] c.a.c.n.registry.NacosServiceRegistry    : De-registering from Nacos Server now...
10:41:43:210  INFO 46636 --- [SpringApplicationShutdownHook] c.a.c.n.registry.NacosServiceRegistry    : De-registration finished.
10:41:43:540  INFO 46636 --- [SpringApplicationShutdownHook] com.alibaba.nacos.common.remote.client   : Shutdown rpc client, set status to shutdown
10:41:43:540  INFO 46636 --- [SpringApplicationShutdownHook] com.alibaba.nacos.common.remote.client   : Shutdown client event executor java.util.concurrent.ScheduledThreadPoolExecutor@4c8f0d8b[Running, pool size = 2, active threads = 2, queued tasks = 0, completed tasks = 0]
10:41:43:541  INFO 46636 --- [SpringApplicationShutdownHook] com.alibaba.nacos.common.remote.client   : Close current connection 1761187078691_172.17.0.1_37796
10:41:43:546  INFO 46636 --- [nacos-grpc-client-executor-57] c.a.n.c.remote.client.grpc.GrpcClient    : [1761187078691_172.17.0.1_37796]Ignore complete event,isRunning:false,isAbandon=false
10:41:43:549  INFO 46636 --- [SpringApplicationShutdownHook] c.a.n.c.remote.client.grpc.GrpcClient    : Shutdown grpc executor java.util.concurrent.ThreadPoolExecutor@204abfc7[Running, pool size = 5, active threads = 0, queued tasks = 0, completed tasks = 58]
10:41:43:775  INFO 8792 --- [nacos-grpc-client-executor-60] com.alibaba.nacos.common.remote.client   : [a6727033-2b7a-4ca4-a430-9e4e9d06ddd9] Receive server push request, request = NotifySubscriberRequest, requestId = 22
10:41:43:778  INFO 8792 --- [nacos-grpc-client-executor-60] com.alibaba.nacos.common.remote.client   : [a6727033-2b7a-4ca4-a430-9e4e9d06ddd9] Ack server push request, request = NotifySubscriberRequest, requestId = 22
10:41:51:376  WARN 8792 --- [Thread-7] c.a.n.common.http.HttpClientBeanHolder   : [HttpClientBeanHolder] Start destroying common HttpClient
10:41:51:376  WARN 8792 --- [Thread-4] c.a.nacos.common.notify.NotifyCenter     : [NotifyCenter] Start destroying Publisher
10:41:51:377  WARN 8792 --- [Thread-4] c.a.nacos.common.notify.NotifyCenter     : [NotifyCenter] Destruction of the end
10:41:51:378  WARN 8792 --- [Thread-7] c.a.n.common.http.HttpClientBeanHolder   : [HttpClientBeanHolder] Destruction of the end
10:41:51:430  INFO 8792 --- [SpringApplicationShutdownHook] c.a.c.n.registry.NacosServiceRegistry    : De-registering from Nacos Server now...
10:41:51:438  INFO 8792 --- [SpringApplicationShutdownHook] c.a.c.n.registry.NacosServiceRegistry    : De-registration finished.
10:41:51:769  INFO 8792 --- [SpringApplicationShutdownHook] com.alibaba.nacos.common.remote.client   : Shutdown rpc client, set status to shutdown
10:41:51:769  INFO 8792 --- [SpringApplicationShutdownHook] com.alibaba.nacos.common.remote.client   : Shutdown client event executor java.util.concurrent.ScheduledThreadPoolExecutor@6244dd61[Running, pool size = 2, active threads = 2, queued tasks = 0, completed tasks = 0]
10:41:51:769  INFO 8792 --- [SpringApplicationShutdownHook] com.alibaba.nacos.common.remote.client   : Close current connection 1761187065214_172.17.0.1_60916
10:41:51:773  INFO 8792 --- [nacos-grpc-client-executor-64] c.a.n.c.remote.client.grpc.GrpcClient    : [1761187065214_172.17.0.1_60916]Ignore complete event,isRunning:false,isAbandon=false
10:41:51:776  INFO 8792 --- [SpringApplicationShutdownHook] c.a.n.c.remote.client.grpc.GrpcClient    : Shutdown grpc executor java.util.concurrent.ThreadPoolExecutor@4d44504a[Running, pool size = 5, active threads = 0, queued tasks = 0, completed tasks = 65]
10:41:51:778  INFO 8792 --- [SpringApplicationShutdownHook] com.zaxxer.hikari.HikariDataSource       : HikariPool-1 - Shutdown initiated...
10:41:51:799  INFO 8792 --- [SpringApplicationShutdownHook] com.zaxxer.hikari.HikariDataSource       : HikariPool-1 - Shutdown completed.
10:41:54:563  INFO 44428 --- [main] com.hmall.cart.CartApplication           : Starting CartApplication using Java 17.0.14 on LAPTOP-RCD2EBQ7 with PID 44428 (D:\ADevPlan\abackend\java-cloud-server\cloud-server\hmall\cart-service\target\classes started by Konoha in D:\ADevPlan\abackend\java-cloud-server\cloud-server\hmall\cart-service)
10:41:54:564 DEBUG 44428 --- [main] com.hmall.cart.CartApplication           : Running with Spring Boot v2.7.12, Spring v5.3.27
10:41:54:565  INFO 44428 --- [main] com.hmall.cart.CartApplication           : The following 1 profile is active: "dev"
10:41:55:477  INFO 44428 --- [main] o.s.cloud.context.scope.GenericScope     : BeanFactory id=fc3d8f54-a72f-341f-82ed-73c04c8e8b1a
10:41:55:980  INFO 44428 --- [main] o.s.b.w.embedded.tomcat.TomcatWebServer  : Tomcat initialized with port(s): 8084 (http)
10:41:55:991  INFO 44428 --- [main] o.apache.catalina.core.StandardService   : Starting service [Tomcat]
10:41:55:991  INFO 44428 --- [main] org.apache.catalina.core.StandardEngine  : Starting Servlet engine: [Apache Tomcat/9.0.75]
10:41:56:106  INFO 44428 --- [main] o.a.c.c.C.[Tomcat].[localhost].[/]       : Initializing Spring embedded WebApplicationContext
10:41:56:106  INFO 44428 --- [main] w.s.c.ServletWebServerApplicationContext : Root WebApplicationContext: initialization completed in 1514 ms
10:41:56:234  INFO 44428 --- [main] o.s.c.openfeign.FeignClientFactoryBean   : For 'item-service' URL not provided. Will try picking an instance via load-balancing.
10:41:57:184  INFO 44428 --- [main] pertySourcedRequestMappingHandlerMapping : Mapped URL path [/v2/api-docs] onto method [springfox.documentation.swagger2.web.Swagger2ControllerWebMvc#getDocumentation(String, HttpServletRequest)]
10:41:57:532  INFO 44428 --- [main] com.alibaba.nacos.common.remote.client   : [RpcClientFactory] create a new rpc client of 01bc1df0-eb79-404e-979b-c97baed3aa5f
10:41:57:570  INFO 44428 --- [main] org.reflections.Reflections              : Reflections took 17 ms to scan 1 urls, producing 3 keys and 6 values
10:41:57:584  INFO 44428 --- [main] org.reflections.Reflections              : Reflections took 4 ms to scan 1 urls, producing 4 keys and 9 values
10:41:57:590  INFO 44428 --- [main] org.reflections.Reflections              : Reflections took 4 ms to scan 1 urls, producing 3 keys and 10 values
10:41:57:592  WARN 44428 --- [main] org.reflections.Reflections              : given scan urls are empty. set urls in the configuration
10:41:57:596  INFO 44428 --- [main] org.reflections.Reflections              : Reflections took 3 ms to scan 1 urls, producing 1 keys and 5 values
10:41:57:602  INFO 44428 --- [main] org.reflections.Reflections              : Reflections took 3 ms to scan 1 urls, producing 1 keys and 7 values
10:41:57:607  INFO 44428 --- [main] org.reflections.Reflections              : Reflections took 3 ms to scan 1 urls, producing 2 keys and 8 values
10:41:57:610  WARN 44428 --- [main] org.reflections.Reflections              : given scan urls are empty. set urls in the configuration
10:41:57:611  INFO 44428 --- [main] com.alibaba.nacos.common.remote.client   : [01bc1df0-eb79-404e-979b-c97baed3aa5f] RpcClient init label, labels = {module=naming, source=sdk}
10:41:57:613  INFO 44428 --- [main] com.alibaba.nacos.common.remote.client   : [01bc1df0-eb79-404e-979b-c97baed3aa5f] RpcClient init, ServerListFactory = com.alibaba.nacos.client.naming.core.ServerListManager
10:41:57:613  INFO 44428 --- [main] com.alibaba.nacos.common.remote.client   : [01bc1df0-eb79-404e-979b-c97baed3aa5f] Registry connection listener to current client:com.alibaba.nacos.client.naming.remote.gprc.redo.NamingGrpcRedoService
10:41:57:613  INFO 44428 --- [main] com.alibaba.nacos.common.remote.client   : [01bc1df0-eb79-404e-979b-c97baed3aa5f] Register server push request handler:com.alibaba.nacos.client.naming.remote.gprc.NamingPushRequestHandler
10:41:57:614  INFO 44428 --- [main] com.alibaba.nacos.common.remote.client   : [01bc1df0-eb79-404e-979b-c97baed3aa5f] Try to connect to server on start up, server: {serverIp = '127.0.0.1', server main port = 8848}
10:41:58:338  INFO 44428 --- [main] com.alibaba.nacos.common.remote.client   : [01bc1df0-eb79-404e-979b-c97baed3aa5f] Success to connect to server [127.0.0.1:8848] on start up, connectionId = 1761187318163_172.17.0.1_55752
10:41:58:339  INFO 44428 --- [com.alibaba.nacos.client.remote.worker] com.alibaba.nacos.common.remote.client   : [01bc1df0-eb79-404e-979b-c97baed3aa5f] Notify connected event to listeners.
10:41:58:339  INFO 44428 --- [main] com.alibaba.nacos.common.remote.client   : [01bc1df0-eb79-404e-979b-c97baed3aa5f] Register server push request handler:com.alibaba.nacos.common.remote.client.RpcClient$ConnectResetRequestHandler
10:41:58:340  INFO 44428 --- [main] com.alibaba.nacos.common.remote.client   : [01bc1df0-eb79-404e-979b-c97baed3aa5f] Register server push request handler:com.alibaba.nacos.common.remote.client.RpcClient$$Lambda$929/0x0000019412761f48
10:41:58:393  INFO 44428 --- [main] o.s.b.w.embedded.tomcat.TomcatWebServer  : Tomcat started on port(s): 8084 (http) with context path ''
10:41:58:404  INFO 44428 --- [main] c.a.c.n.registry.NacosServiceRegistry    : nacos registry, DEFAULT_GROUP cart-service 192.168.21.1:8084 register finished
10:41:58:518  INFO 44428 --- [main] d.s.w.p.DocumentationPluginsBootstrapper : Documentation plugins bootstrapped
10:41:58:522  INFO 44428 --- [main] d.s.w.p.DocumentationPluginsBootstrapper : Found 1 custom documentation plugin(s)
10:41:58:538  INFO 44428 --- [main] s.d.s.w.s.ApiListingReferenceScanner     : Scanning for api listing references
10:41:58:613  INFO 44428 --- [main] com.hmall.cart.CartApplication           : Started CartApplication in 4.776 seconds (JVM running for 5.114)
10:41:58:910  INFO 44428 --- [nacos-grpc-client-executor-7] com.alibaba.nacos.common.remote.client   : [01bc1df0-eb79-404e-979b-c97baed3aa5f] Receive server push request, request = NotifySubscriberRequest, requestId = 23
10:41:58:913  INFO 44428 --- [nacos-grpc-client-executor-7] com.alibaba.nacos.common.remote.client   : [01bc1df0-eb79-404e-979b-c97baed3aa5f] Ack server push request, request = NotifySubscriberRequest, requestId = 23
10:42:01:365  INFO 17904 --- [main] com.hmall.cart.CartApplication           : Starting CartApplication using Java 17.0.14 on LAPTOP-RCD2EBQ7 with PID 17904 (D:\ADevPlan\abackend\java-cloud-server\cloud-server\hmall\cart-service\target\classes started by Konoha in D:\ADevPlan\abackend\java-cloud-server\cloud-server\hmall\cart-service)
10:42:01:367 DEBUG 17904 --- [main] com.hmall.cart.CartApplication           : Running with Spring Boot v2.7.12, Spring v5.3.27
10:42:01:367  INFO 17904 --- [main] com.hmall.cart.CartApplication           : The following 1 profile is active: "dev"
10:42:02:335  INFO 17904 --- [main] o.s.cloud.context.scope.GenericScope     : BeanFactory id=fc3d8f54-a72f-341f-82ed-73c04c8e8b1a
10:42:02:868  INFO 17904 --- [main] o.s.b.w.embedded.tomcat.TomcatWebServer  : Tomcat initialized with port(s): 8082 (http)
10:42:02:883  INFO 17904 --- [main] o.apache.catalina.core.StandardService   : Starting service [Tomcat]
10:42:02:884  INFO 17904 --- [main] org.apache.catalina.core.StandardEngine  : Starting Servlet engine: [Apache Tomcat/9.0.75]
10:42:03:056  INFO 17904 --- [main] o.a.c.c.C.[Tomcat].[localhost].[/]       : Initializing Spring embedded WebApplicationContext
10:42:03:056  INFO 17904 --- [main] w.s.c.ServletWebServerApplicationContext : Root WebApplicationContext: initialization completed in 1658 ms
10:42:03:227  INFO 17904 --- [main] o.s.c.openfeign.FeignClientFactoryBean   : For 'item-service' URL not provided. Will try picking an instance via load-balancing.
10:42:04:421  INFO 17904 --- [main] pertySourcedRequestMappingHandlerMapping : Mapped URL path [/v2/api-docs] onto method [springfox.documentation.swagger2.web.Swagger2ControllerWebMvc#getDocumentation(String, HttpServletRequest)]
10:42:04:836  INFO 17904 --- [main] com.alibaba.nacos.common.remote.client   : [RpcClientFactory] create a new rpc client of 637c7263-045c-475f-b5d8-386282cf79ba
10:42:04:894  INFO 17904 --- [main] org.reflections.Reflections              : Reflections took 28 ms to scan 1 urls, producing 3 keys and 6 values
10:42:04:916  INFO 17904 --- [main] org.reflections.Reflections              : Reflections took 5 ms to scan 1 urls, producing 4 keys and 9 values
10:42:04:924  INFO 17904 --- [main] org.reflections.Reflections              : Reflections took 5 ms to scan 1 urls, producing 3 keys and 10 values
10:42:04:925  WARN 17904 --- [main] org.reflections.Reflections              : given scan urls are empty. set urls in the configuration
10:42:04:929  INFO 17904 --- [main] org.reflections.Reflections              : Reflections took 3 ms to scan 1 urls, producing 1 keys and 5 values
10:42:04:938  INFO 17904 --- [main] org.reflections.Reflections              : Reflections took 7 ms to scan 1 urls, producing 1 keys and 7 values
10:42:04:952  INFO 17904 --- [main] org.reflections.Reflections              : Reflections took 6 ms to scan 1 urls, producing 2 keys and 8 values
10:42:04:955  WARN 17904 --- [main] org.reflections.Reflections              : given scan urls are empty. set urls in the configuration
10:42:04:956  INFO 17904 --- [main] com.alibaba.nacos.common.remote.client   : [637c7263-045c-475f-b5d8-386282cf79ba] RpcClient init label, labels = {module=naming, source=sdk}
10:42:04:958  INFO 17904 --- [main] com.alibaba.nacos.common.remote.client   : [637c7263-045c-475f-b5d8-386282cf79ba] RpcClient init, ServerListFactory = com.alibaba.nacos.client.naming.core.ServerListManager
10:42:04:958  INFO 17904 --- [main] com.alibaba.nacos.common.remote.client   : [637c7263-045c-475f-b5d8-386282cf79ba] Registry connection listener to current client:com.alibaba.nacos.client.naming.remote.gprc.redo.NamingGrpcRedoService
10:42:04:959  INFO 17904 --- [main] com.alibaba.nacos.common.remote.client   : [637c7263-045c-475f-b5d8-386282cf79ba] Register server push request handler:com.alibaba.nacos.client.naming.remote.gprc.NamingPushRequestHandler
10:42:04:961  INFO 17904 --- [main] com.alibaba.nacos.common.remote.client   : [637c7263-045c-475f-b5d8-386282cf79ba] Try to connect to server on start up, server: {serverIp = '127.0.0.1', server main port = 8848}
10:42:05:901  INFO 17904 --- [main] com.alibaba.nacos.common.remote.client   : [637c7263-045c-475f-b5d8-386282cf79ba] Success to connect to server [127.0.0.1:8848] on start up, connectionId = 1761187325690_172.17.0.1_54634
10:42:05:902  INFO 17904 --- [com.alibaba.nacos.client.remote.worker] com.alibaba.nacos.common.remote.client   : [637c7263-045c-475f-b5d8-386282cf79ba] Notify connected event to listeners.
10:42:05:903  INFO 17904 --- [main] com.alibaba.nacos.common.remote.client   : [637c7263-045c-475f-b5d8-386282cf79ba] Register server push request handler:com.alibaba.nacos.common.remote.client.RpcClient$ConnectResetRequestHandler
10:42:05:903  INFO 17904 --- [main] com.alibaba.nacos.common.remote.client   : [637c7263-045c-475f-b5d8-386282cf79ba] Register server push request handler:com.alibaba.nacos.common.remote.client.RpcClient$$Lambda$929/0x0000018cc17608c0
10:42:05:950  INFO 17904 --- [main] o.s.b.w.embedded.tomcat.TomcatWebServer  : Tomcat started on port(s): 8082 (http) with context path ''
10:42:05:962  INFO 17904 --- [main] c.a.c.n.registry.NacosServiceRegistry    : nacos registry, DEFAULT_GROUP cart-service 192.168.21.1:8082 register finished
10:42:06:073  INFO 17904 --- [main] d.s.w.p.DocumentationPluginsBootstrapper : Documentation plugins bootstrapped
10:42:06:076  INFO 17904 --- [main] d.s.w.p.DocumentationPluginsBootstrapper : Found 1 custom documentation plugin(s)
10:42:06:093  INFO 17904 --- [main] s.d.s.w.s.ApiListingReferenceScanner     : Scanning for api listing references
10:42:06:192  INFO 17904 --- [main] com.hmall.cart.CartApplication           : Started CartApplication in 5.531 seconds (JVM running for 5.855)
10:42:06:518  INFO 44428 --- [nacos-grpc-client-executor-9] com.alibaba.nacos.common.remote.client   : [01bc1df0-eb79-404e-979b-c97baed3aa5f] Receive server push request, request = NotifySubscriberRequest, requestId = 24
10:42:06:522  INFO 44428 --- [nacos-grpc-client-executor-9] com.alibaba.nacos.common.remote.client   : [01bc1df0-eb79-404e-979b-c97baed3aa5f] Ack server push request, request = NotifySubscriberRequest, requestId = 24
10:42:06:539  INFO 17904 --- [nacos-grpc-client-executor-8] com.alibaba.nacos.common.remote.client   : [637c7263-045c-475f-b5d8-386282cf79ba] Receive server push request, request = NotifySubscriberRequest, requestId = 25
10:42:06:542  INFO 17904 --- [nacos-grpc-client-executor-8] com.alibaba.nacos.common.remote.client   : [637c7263-045c-475f-b5d8-386282cf79ba] Ack server push request, request = NotifySubscriberRequest, requestId = 25
10:44:40:804  WARN 17904 --- [Thread-7] c.a.n.common.http.HttpClientBeanHolder   : [HttpClientBeanHolder] Start destroying common HttpClient
10:44:40:804  WARN 17904 --- [Thread-4] c.a.nacos.common.notify.NotifyCenter     : [NotifyCenter] Start destroying Publisher
10:44:40:805  WARN 17904 --- [Thread-4] c.a.nacos.common.notify.NotifyCenter     : [NotifyCenter] Destruction of the end
10:44:40:805  WARN 17904 --- [Thread-7] c.a.n.common.http.HttpClientBeanHolder   : [HttpClientBeanHolder] Destruction of the end
10:44:40:878  INFO 17904 --- [SpringApplicationShutdownHook] c.a.c.n.registry.NacosServiceRegistry    : De-registering from Nacos Server now...
10:44:40:890  INFO 17904 --- [SpringApplicationShutdownHook] c.a.c.n.registry.NacosServiceRegistry    : De-registration finished.
10:44:41:224  INFO 17904 --- [SpringApplicationShutdownHook] com.alibaba.nacos.common.remote.client   : Shutdown rpc client, set status to shutdown
10:44:41:225  INFO 17904 --- [SpringApplicationShutdownHook] com.alibaba.nacos.common.remote.client   : Shutdown client event executor java.util.concurrent.ScheduledThreadPoolExecutor@4ee94171[Running, pool size = 2, active threads = 2, queued tasks = 0, completed tasks = 0]
10:44:41:226  INFO 17904 --- [SpringApplicationShutdownHook] com.alibaba.nacos.common.remote.client   : Close current connection 1761187325690_172.17.0.1_54634
10:44:41:236  INFO 17904 --- [SpringApplicationShutdownHook] c.a.n.c.remote.client.grpc.GrpcClient    : Shutdown grpc executor java.util.concurrent.ThreadPoolExecutor@19480535[Running, pool size = 4, active threads = 0, queued tasks = 0, completed tasks = 44]
10:44:41:408  INFO 44428 --- [nacos-grpc-client-executor-40] com.alibaba.nacos.common.remote.client   : [01bc1df0-eb79-404e-979b-c97baed3aa5f] Receive server push request, request = NotifySubscriberRequest, requestId = 26
10:44:41:412  INFO 44428 --- [nacos-grpc-client-executor-40] com.alibaba.nacos.common.remote.client   : [01bc1df0-eb79-404e-979b-c97baed3aa5f] Ack server push request, request = NotifySubscriberRequest, requestId = 26
10:44:47:756  WARN 44428 --- [Thread-4] c.a.nacos.common.notify.NotifyCenter     : [NotifyCenter] Start destroying Publisher
10:44:47:756  WARN 44428 --- [Thread-7] c.a.n.common.http.HttpClientBeanHolder   : [HttpClientBeanHolder] Start destroying common HttpClient
10:44:47:756  WARN 44428 --- [Thread-4] c.a.nacos.common.notify.NotifyCenter     : [NotifyCenter] Destruction of the end
10:44:47:757  WARN 44428 --- [Thread-7] c.a.n.common.http.HttpClientBeanHolder   : [HttpClientBeanHolder] Destruction of the end
10:44:47:789  INFO 44428 --- [SpringApplicationShutdownHook] c.a.c.n.registry.NacosServiceRegistry    : De-registering from Nacos Server now...
10:44:47:801  INFO 44428 --- [SpringApplicationShutdownHook] c.a.c.n.registry.NacosServiceRegistry    : De-registration finished.
10:44:48:124  INFO 44428 --- [SpringApplicationShutdownHook] com.alibaba.nacos.common.remote.client   : Shutdown rpc client, set status to shutdown
10:44:48:124  INFO 44428 --- [SpringApplicationShutdownHook] com.alibaba.nacos.common.remote.client   : Shutdown client event executor java.util.concurrent.ScheduledThreadPoolExecutor@6b41e3aa[Running, pool size = 2, active threads = 2, queued tasks = 0, completed tasks = 0]
10:44:48:125  INFO 44428 --- [SpringApplicationShutdownHook] com.alibaba.nacos.common.remote.client   : Close current connection 1761187318163_172.17.0.1_55752
10:44:48:130  INFO 44428 --- [SpringApplicationShutdownHook] c.a.n.c.remote.client.grpc.GrpcClient    : Shutdown grpc executor java.util.concurrent.ThreadPoolExecutor@41ac6e93[Running, pool size = 5, active threads = 1, queued tasks = 0, completed tasks = 43]
10:44:48:131  INFO 44428 --- [nacos-grpc-client-executor-43] c.a.n.c.remote.client.grpc.GrpcClient    : [1761187318163_172.17.0.1_55752]Ignore complete event,isRunning:false,isAbandon=false
10:44:49:680  INFO 53272 --- [main] com.hmall.cart.CartApplication           : Starting CartApplication using Java 17.0.14 on LAPTOP-RCD2EBQ7 with PID 53272 (D:\ADevPlan\abackend\java-cloud-server\cloud-server\hmall\cart-service\target\classes started by Konoha in D:\ADevPlan\abackend\java-cloud-server\cloud-server\hmall\cart-service)
10:44:49:682 DEBUG 53272 --- [main] com.hmall.cart.CartApplication           : Running with Spring Boot v2.7.12, Spring v5.3.27
10:44:49:682  INFO 53272 --- [main] com.hmall.cart.CartApplication           : The following 1 profile is active: "dev"
10:44:50:570  INFO 53272 --- [main] o.s.cloud.context.scope.GenericScope     : BeanFactory id=fc3d8f54-a72f-341f-82ed-73c04c8e8b1a
10:44:51:001  INFO 53272 --- [main] o.s.b.w.embedded.tomcat.TomcatWebServer  : Tomcat initialized with port(s): 8082 (http)
10:44:51:009  INFO 53272 --- [main] o.apache.catalina.core.StandardService   : Starting service [Tomcat]
10:44:51:010  INFO 53272 --- [main] org.apache.catalina.core.StandardEngine  : Starting Servlet engine: [Apache Tomcat/9.0.75]
10:44:51:138  INFO 53272 --- [main] o.a.c.c.C.[Tomcat].[localhost].[/]       : Initializing Spring embedded WebApplicationContext
10:44:51:139  INFO 53272 --- [main] w.s.c.ServletWebServerApplicationContext : Root WebApplicationContext: initialization completed in 1424 ms
10:44:51:286  INFO 53272 --- [main] o.s.c.openfeign.FeignClientFactoryBean   : For 'item-service' URL not provided. Will try picking an instance via load-balancing.
10:44:52:117  INFO 53272 --- [main] pertySourcedRequestMappingHandlerMapping : Mapped URL path [/v2/api-docs] onto method [springfox.documentation.swagger2.web.Swagger2ControllerWebMvc#getDocumentation(String, HttpServletRequest)]
10:44:52:437  INFO 53272 --- [main] com.alibaba.nacos.common.remote.client   : [RpcClientFactory] create a new rpc client of 80f506f8-cfa0-422f-a966-7235f843b533
10:44:52:476  INFO 53272 --- [main] org.reflections.Reflections              : Reflections took 16 ms to scan 1 urls, producing 3 keys and 6 values
10:44:52:495  INFO 53272 --- [main] org.reflections.Reflections              : Reflections took 6 ms to scan 1 urls, producing 4 keys and 9 values
10:44:52:500  INFO 53272 --- [main] org.reflections.Reflections              : Reflections took 3 ms to scan 1 urls, producing 3 keys and 10 values
10:44:52:502  WARN 53272 --- [main] org.reflections.Reflections              : given scan urls are empty. set urls in the configuration
10:44:52:506  INFO 53272 --- [main] org.reflections.Reflections              : Reflections took 3 ms to scan 1 urls, producing 1 keys and 5 values
10:44:52:511  INFO 53272 --- [main] org.reflections.Reflections              : Reflections took 3 ms to scan 1 urls, producing 1 keys and 7 values
10:44:52:516  INFO 53272 --- [main] org.reflections.Reflections              : Reflections took 3 ms to scan 1 urls, producing 2 keys and 8 values
10:44:52:517  WARN 53272 --- [main] org.reflections.Reflections              : given scan urls are empty. set urls in the configuration
10:44:52:518  INFO 53272 --- [main] com.alibaba.nacos.common.remote.client   : [80f506f8-cfa0-422f-a966-7235f843b533] RpcClient init label, labels = {module=naming, source=sdk}
10:44:52:520  INFO 53272 --- [main] com.alibaba.nacos.common.remote.client   : [80f506f8-cfa0-422f-a966-7235f843b533] RpcClient init, ServerListFactory = com.alibaba.nacos.client.naming.core.ServerListManager
10:44:52:520  INFO 53272 --- [main] com.alibaba.nacos.common.remote.client   : [80f506f8-cfa0-422f-a966-7235f843b533] Registry connection listener to current client:com.alibaba.nacos.client.naming.remote.gprc.redo.NamingGrpcRedoService
10:44:52:521  INFO 53272 --- [main] com.alibaba.nacos.common.remote.client   : [80f506f8-cfa0-422f-a966-7235f843b533] Register server push request handler:com.alibaba.nacos.client.naming.remote.gprc.NamingPushRequestHandler
10:44:52:525  INFO 53272 --- [main] com.alibaba.nacos.common.remote.client   : [80f506f8-cfa0-422f-a966-7235f843b533] Try to connect to server on start up, server: {serverIp = '127.0.0.1', server main port = 8848}
10:44:53:274  INFO 53272 --- [main] com.alibaba.nacos.common.remote.client   : [80f506f8-cfa0-422f-a966-7235f843b533] Success to connect to server [127.0.0.1:8848] on start up, connectionId = 1761187493091_172.17.0.1_57576
10:44:53:276  INFO 53272 --- [com.alibaba.nacos.client.remote.worker] com.alibaba.nacos.common.remote.client   : [80f506f8-cfa0-422f-a966-7235f843b533] Notify connected event to listeners.
10:44:53:276  INFO 53272 --- [main] com.alibaba.nacos.common.remote.client   : [80f506f8-cfa0-422f-a966-7235f843b533] Register server push request handler:com.alibaba.nacos.common.remote.client.RpcClient$ConnectResetRequestHandler
10:44:53:277  INFO 53272 --- [main] com.alibaba.nacos.common.remote.client   : [80f506f8-cfa0-422f-a966-7235f843b533] Register server push request handler:com.alibaba.nacos.common.remote.client.RpcClient$$Lambda$929/0x0000016301761f48
10:44:53:320  INFO 53272 --- [main] o.s.b.w.embedded.tomcat.TomcatWebServer  : Tomcat started on port(s): 8082 (http) with context path ''
10:44:53:330  INFO 53272 --- [main] c.a.c.n.registry.NacosServiceRegistry    : nacos registry, DEFAULT_GROUP cart-service 192.168.21.1:8082 register finished
10:44:53:440  INFO 53272 --- [main] d.s.w.p.DocumentationPluginsBootstrapper : Documentation plugins bootstrapped
10:44:53:445  INFO 53272 --- [main] d.s.w.p.DocumentationPluginsBootstrapper : Found 1 custom documentation plugin(s)
10:44:53:465  INFO 53272 --- [main] s.d.s.w.s.ApiListingReferenceScanner     : Scanning for api listing references
10:44:53:546  INFO 53272 --- [main] com.hmall.cart.CartApplication           : Started CartApplication in 4.517 seconds (JVM running for 4.818)
10:44:53:840  INFO 53272 --- [nacos-grpc-client-executor-9] com.alibaba.nacos.common.remote.client   : [80f506f8-cfa0-422f-a966-7235f843b533] Receive server push request, request = NotifySubscriberRequest, requestId = 27
10:44:53:844  INFO 53272 --- [nacos-grpc-client-executor-9] com.alibaba.nacos.common.remote.client   : [80f506f8-cfa0-422f-a966-7235f843b533] Ack server push request, request = NotifySubscriberRequest, requestId = 27
10:44:55:683  INFO 4548 --- [main] com.hmall.cart.CartApplication           : Starting CartApplication using Java 17.0.14 on LAPTOP-RCD2EBQ7 with PID 4548 (D:\ADevPlan\abackend\java-cloud-server\cloud-server\hmall\cart-service\target\classes started by Konoha in D:\ADevPlan\abackend\java-cloud-server\cloud-server\hmall\cart-service)
10:44:55:685 DEBUG 4548 --- [main] com.hmall.cart.CartApplication           : Running with Spring Boot v2.7.12, Spring v5.3.27
10:44:55:687  INFO 4548 --- [main] com.hmall.cart.CartApplication           : The following 1 profile is active: "dev"
10:44:56:599  INFO 4548 --- [main] o.s.cloud.context.scope.GenericScope     : BeanFactory id=fc3d8f54-a72f-341f-82ed-73c04c8e8b1a
10:44:57:092  INFO 4548 --- [main] o.s.b.w.embedded.tomcat.TomcatWebServer  : Tomcat initialized with port(s): 8084 (http)
10:44:57:108  INFO 4548 --- [main] o.apache.catalina.core.StandardService   : Starting service [Tomcat]
10:44:57:110  INFO 4548 --- [main] org.apache.catalina.core.StandardEngine  : Starting Servlet engine: [Apache Tomcat/9.0.75]
10:44:57:313  INFO 4548 --- [main] o.a.c.c.C.[Tomcat].[localhost].[/]       : Initializing Spring embedded WebApplicationContext
10:44:57:313  INFO 4548 --- [main] w.s.c.ServletWebServerApplicationContext : Root WebApplicationContext: initialization completed in 1598 ms
10:44:57:503  INFO 4548 --- [main] o.s.c.openfeign.FeignClientFactoryBean   : For 'item-service' URL not provided. Will try picking an instance via load-balancing.
10:44:58:556  INFO 4548 --- [main] pertySourcedRequestMappingHandlerMapping : Mapped URL path [/v2/api-docs] onto method [springfox.documentation.swagger2.web.Swagger2ControllerWebMvc#getDocumentation(String, HttpServletRequest)]
10:44:58:859  INFO 4548 --- [main] com.alibaba.nacos.common.remote.client   : [RpcClientFactory] create a new rpc client of f8e0ab40-b5a1-4aad-acef-71f0068f4663
10:44:58:897  INFO 4548 --- [main] org.reflections.Reflections              : Reflections took 17 ms to scan 1 urls, producing 3 keys and 6 values
10:44:58:913  INFO 4548 --- [main] org.reflections.Reflections              : Reflections took 6 ms to scan 1 urls, producing 4 keys and 9 values
10:44:58:918  INFO 4548 --- [main] org.reflections.Reflections              : Reflections took 3 ms to scan 1 urls, producing 3 keys and 10 values
10:44:58:920  WARN 4548 --- [main] org.reflections.Reflections              : given scan urls are empty. set urls in the configuration
10:44:58:925  INFO 4548 --- [main] org.reflections.Reflections              : Reflections took 2 ms to scan 1 urls, producing 1 keys and 5 values
10:44:58:930  INFO 4548 --- [main] org.reflections.Reflections              : Reflections took 3 ms to scan 1 urls, producing 1 keys and 7 values
10:44:58:934  INFO 4548 --- [main] org.reflections.Reflections              : Reflections took 3 ms to scan 1 urls, producing 2 keys and 8 values
10:44:58:936  WARN 4548 --- [main] org.reflections.Reflections              : given scan urls are empty. set urls in the configuration
10:44:58:937  INFO 4548 --- [main] com.alibaba.nacos.common.remote.client   : [f8e0ab40-b5a1-4aad-acef-71f0068f4663] RpcClient init label, labels = {module=naming, source=sdk}
10:44:58:940  INFO 4548 --- [main] com.alibaba.nacos.common.remote.client   : [f8e0ab40-b5a1-4aad-acef-71f0068f4663] RpcClient init, ServerListFactory = com.alibaba.nacos.client.naming.core.ServerListManager
10:44:58:940  INFO 4548 --- [main] com.alibaba.nacos.common.remote.client   : [f8e0ab40-b5a1-4aad-acef-71f0068f4663] Registry connection listener to current client:com.alibaba.nacos.client.naming.remote.gprc.redo.NamingGrpcRedoService
10:44:58:941  INFO 4548 --- [main] com.alibaba.nacos.common.remote.client   : [f8e0ab40-b5a1-4aad-acef-71f0068f4663] Register server push request handler:com.alibaba.nacos.client.naming.remote.gprc.NamingPushRequestHandler
10:44:58:946  INFO 4548 --- [main] com.alibaba.nacos.common.remote.client   : [f8e0ab40-b5a1-4aad-acef-71f0068f4663] Try to connect to server on start up, server: {serverIp = '127.0.0.1', server main port = 8848}
10:44:59:938  INFO 4548 --- [main] com.alibaba.nacos.common.remote.client   : [f8e0ab40-b5a1-4aad-acef-71f0068f4663] Success to connect to server [127.0.0.1:8848] on start up, connectionId = 1761187499686_172.17.0.1_57580
10:44:59:940  INFO 4548 --- [com.alibaba.nacos.client.remote.worker] com.alibaba.nacos.common.remote.client   : [f8e0ab40-b5a1-4aad-acef-71f0068f4663] Notify connected event to listeners.
10:44:59:941  INFO 4548 --- [main] com.alibaba.nacos.common.remote.client   : [f8e0ab40-b5a1-4aad-acef-71f0068f4663] Register server push request handler:com.alibaba.nacos.common.remote.client.RpcClient$ConnectResetRequestHandler
10:44:59:941  INFO 4548 --- [main] com.alibaba.nacos.common.remote.client   : [f8e0ab40-b5a1-4aad-acef-71f0068f4663] Register server push request handler:com.alibaba.nacos.common.remote.client.RpcClient$$Lambda$929/0x00000206a77652b0
10:45:00:048  INFO 4548 --- [main] o.s.b.w.embedded.tomcat.TomcatWebServer  : Tomcat started on port(s): 8084 (http) with context path ''
10:45:00:064  INFO 4548 --- [main] c.a.c.n.registry.NacosServiceRegistry    : nacos registry, DEFAULT_GROUP cart-service 192.168.21.1:8084 register finished
10:45:00:188  INFO 4548 --- [main] d.s.w.p.DocumentationPluginsBootstrapper : Documentation plugins bootstrapped
10:45:00:194  INFO 4548 --- [main] d.s.w.p.DocumentationPluginsBootstrapper : Found 1 custom documentation plugin(s)
10:45:00:234  INFO 4548 --- [main] s.d.s.w.s.ApiListingReferenceScanner     : Scanning for api listing references
10:45:00:368  INFO 4548 --- [main] com.hmall.cart.CartApplication           : Started CartApplication in 5.336 seconds (JVM running for 5.652)
10:45:00:498  INFO 53272 --- [http-nio-8082-exec-2] o.a.c.c.C.[Tomcat].[localhost].[/]       : Initializing Spring DispatcherServlet 'dispatcherServlet'
10:45:00:499  INFO 53272 --- [http-nio-8082-exec-2] o.s.web.servlet.DispatcherServlet        : Initializing Servlet 'dispatcherServlet'
10:45:00:500  INFO 53272 --- [http-nio-8082-exec-2] o.s.web.servlet.DispatcherServlet        : Completed initialization in 1 ms
10:45:00:547  INFO 53272 --- [nacos-grpc-client-executor-11] com.alibaba.nacos.common.remote.client   : [80f506f8-cfa0-422f-a966-7235f843b533] Receive server push request, request = NotifySubscriberRequest, requestId = 28
10:45:00:550  INFO 53272 --- [nacos-grpc-client-executor-11] com.alibaba.nacos.common.remote.client   : [80f506f8-cfa0-422f-a966-7235f843b533] Ack server push request, request = NotifySubscriberRequest, requestId = 28
10:45:00:559  INFO 4548 --- [nacos-grpc-client-executor-9] com.alibaba.nacos.common.remote.client   : [f8e0ab40-b5a1-4aad-acef-71f0068f4663] Receive server push request, request = NotifySubscriberRequest, requestId = 29
10:45:00:561  INFO 4548 --- [nacos-grpc-client-executor-9] com.alibaba.nacos.common.remote.client   : [f8e0ab40-b5a1-4aad-acef-71f0068f4663] Ack server push request, request = NotifySubscriberRequest, requestId = 29
10:45:00:615  INFO 53272 --- [http-nio-8082-exec-2] com.zaxxer.hikari.HikariDataSource       : HikariPool-1 - Starting...
10:45:00:878  INFO 53272 --- [http-nio-8082-exec-2] com.zaxxer.hikari.HikariDataSource       : HikariPool-1 - Start completed.
10:45:00:888 DEBUG 53272 --- [http-nio-8082-exec-2] c.h.cart.mapper.CartMapper.selectList    : ==>  Preparing: SELECT id,user_id,item_id,num,name,spec,price,image,create_time,update_time FROM cart WHERE (user_id = ?)
10:45:00:920 DEBUG 53272 --- [http-nio-8082-exec-2] c.h.cart.mapper.CartMapper.selectList    : ==> Parameters: 1(Long)
10:45:00:954 DEBUG 53272 --- [http-nio-8082-exec-2] c.h.cart.mapper.CartMapper.selectList    : <==      Total: 1
10:45:01:650  INFO 53272 --- [nacos-grpc-client-executor-13] com.alibaba.nacos.common.remote.client   : [80f506f8-cfa0-422f-a966-7235f843b533] Receive server push request, request = NotifySubscriberRequest, requestId = 30
10:45:01:652  INFO 53272 --- [nacos-grpc-client-executor-13] com.alibaba.nacos.common.remote.client   : [80f506f8-cfa0-422f-a966-7235f843b533] Ack server push request, request = NotifySubscriberRequest, requestId = 30
10:45:09:073  WARN 53272 --- [Thread-7] c.a.n.common.http.HttpClientBeanHolder   : [HttpClientBeanHolder] Start destroying common HttpClient
10:45:09:074  WARN 53272 --- [Thread-4] c.a.nacos.common.notify.NotifyCenter     : [NotifyCenter] Start destroying Publisher
10:45:09:074  WARN 53272 --- [Thread-4] c.a.nacos.common.notify.NotifyCenter     : [NotifyCenter] Destruction of the end
10:45:09:075  WARN 53272 --- [Thread-7] c.a.n.common.http.HttpClientBeanHolder   : [HttpClientBeanHolder] Destruction of the end
10:45:09:160  INFO 53272 --- [SpringApplicationShutdownHook] c.a.c.n.registry.NacosServiceRegistry    : De-registering from Nacos Server now...
10:45:09:170  INFO 53272 --- [SpringApplicationShutdownHook] c.a.c.n.registry.NacosServiceRegistry    : De-registration finished.
10:45:09:507  INFO 53272 --- [SpringApplicationShutdownHook] com.alibaba.nacos.common.remote.client   : Shutdown rpc client, set status to shutdown
10:45:09:508  INFO 53272 --- [SpringApplicationShutdownHook] com.alibaba.nacos.common.remote.client   : Shutdown client event executor java.util.concurrent.ScheduledThreadPoolExecutor@435baff9[Running, pool size = 2, active threads = 2, queued tasks = 0, completed tasks = 0]
10:45:09:509  INFO 53272 --- [SpringApplicationShutdownHook] com.alibaba.nacos.common.remote.client   : Close current connection 1761187493091_172.17.0.1_57576
10:45:09:516  INFO 53272 --- [nacos-grpc-client-executor-18] c.a.n.c.remote.client.grpc.GrpcClient    : [1761187493091_172.17.0.1_57576]Ignore complete event,isRunning:false,isAbandon=false
10:45:09:518  INFO 53272 --- [SpringApplicationShutdownHook] c.a.n.c.remote.client.grpc.GrpcClient    : Shutdown grpc executor java.util.concurrent.ThreadPoolExecutor@224d9688[Running, pool size = 8, active threads = 0, queued tasks = 0, completed tasks = 19]
10:45:09:521  INFO 53272 --- [SpringApplicationShutdownHook] com.zaxxer.hikari.HikariDataSource       : HikariPool-1 - Shutdown initiated...
10:45:09:537  INFO 53272 --- [SpringApplicationShutdownHook] com.zaxxer.hikari.HikariDataSource       : HikariPool-1 - Shutdown completed.
10:45:09:770  INFO 4548 --- [nacos-grpc-client-executor-12] com.alibaba.nacos.common.remote.client   : [f8e0ab40-b5a1-4aad-acef-71f0068f4663] Receive server push request, request = NotifySubscriberRequest, requestId = 31
10:45:09:781  INFO 4548 --- [nacos-grpc-client-executor-12] com.alibaba.nacos.common.remote.client   : [f8e0ab40-b5a1-4aad-acef-71f0068f4663] Ack server push request, request = NotifySubscriberRequest, requestId = 31
10:45:29:989  WARN 4548 --- [Thread-4] c.a.nacos.common.notify.NotifyCenter     : [NotifyCenter] Start destroying Publisher
10:45:29:989  WARN 4548 --- [Thread-7] c.a.n.common.http.HttpClientBeanHolder   : [HttpClientBeanHolder] Start destroying common HttpClient
10:45:29:990  WARN 4548 --- [Thread-4] c.a.nacos.common.notify.NotifyCenter     : [NotifyCenter] Destruction of the end
10:45:29:991  WARN 4548 --- [Thread-7] c.a.n.common.http.HttpClientBeanHolder   : [HttpClientBeanHolder] Destruction of the end
10:45:30:043  INFO 4548 --- [SpringApplicationShutdownHook] c.a.c.n.registry.NacosServiceRegistry    : De-registering from Nacos Server now...
10:45:30:052  INFO 4548 --- [SpringApplicationShutdownHook] c.a.c.n.registry.NacosServiceRegistry    : De-registration finished.
10:45:30:209  INFO 4548 --- [nacos-grpc-client-executor-18] com.alibaba.nacos.common.remote.client   : [f8e0ab40-b5a1-4aad-acef-71f0068f4663] Receive server push request, request = NotifySubscriberRequest, requestId = 33
10:45:30:217  INFO 4548 --- [nacos-grpc-client-executor-18] com.alibaba.nacos.common.remote.client   : [f8e0ab40-b5a1-4aad-acef-71f0068f4663] Ack server push request, request = NotifySubscriberRequest, requestId = 33
10:45:30:376  INFO 4548 --- [SpringApplicationShutdownHook] com.alibaba.nacos.common.remote.client   : Shutdown rpc client, set status to shutdown
10:45:30:377  INFO 4548 --- [SpringApplicationShutdownHook] com.alibaba.nacos.common.remote.client   : Shutdown client event executor java.util.concurrent.ScheduledThreadPoolExecutor@4a26a5dd[Running, pool size = 2, active threads = 2, queued tasks = 0, completed tasks = 0]
10:45:30:378  INFO 4548 --- [SpringApplicationShutdownHook] com.alibaba.nacos.common.remote.client   : Close current connection 1761187499686_172.17.0.1_57580
10:45:30:383  INFO 4548 --- [nacos-grpc-client-executor-19] c.a.n.c.remote.client.grpc.GrpcClient    : [1761187499686_172.17.0.1_57580]Ignore complete event,isRunning:false,isAbandon=false
10:45:30:388  INFO 4548 --- [SpringApplicationShutdownHook] c.a.n.c.remote.client.grpc.GrpcClient    : Shutdown grpc executor java.util.concurrent.ThreadPoolExecutor@10831843[Running, pool size = 6, active threads = 0, queued tasks = 0, completed tasks = 20]
10:45:56:755  INFO 40920 --- [main] com.hmall.cart.CartApplication           : Starting CartApplication using Java 17.0.14 on LAPTOP-RCD2EBQ7 with PID 40920 (D:\ADevPlan\abackend\java-cloud-server\cloud-server\hmall\cart-service\target\classes started by Konoha in D:\ADevPlan\abackend\java-cloud-server\cloud-server\hmall\cart-service)
10:45:56:758 DEBUG 40920 --- [main] com.hmall.cart.CartApplication           : Running with Spring Boot v2.7.12, Spring v5.3.27
10:45:56:758  INFO 40920 --- [main] com.hmall.cart.CartApplication           : The following 1 profile is active: "dev"
10:45:57:503  INFO 40920 --- [main] o.s.cloud.context.scope.GenericScope     : BeanFactory id=fc3d8f54-a72f-341f-82ed-73c04c8e8b1a
10:45:57:891  INFO 40920 --- [main] o.s.b.w.embedded.tomcat.TomcatWebServer  : Tomcat initialized with port(s): 8084 (http)
10:45:57:895  INFO 40920 --- [main] o.apache.catalina.core.StandardService   : Starting service [Tomcat]
10:45:57:900  INFO 40920 --- [main] org.apache.catalina.core.StandardEngine  : Starting Servlet engine: [Apache Tomcat/9.0.75]
10:45:58:005  INFO 40920 --- [main] o.a.c.c.C.[Tomcat].[localhost].[/]       : Initializing Spring embedded WebApplicationContext
10:45:58:009  INFO 40920 --- [main] w.s.c.ServletWebServerApplicationContext : Root WebApplicationContext: initialization completed in 1217 ms
10:45:58:140  INFO 40920 --- [main] o.s.c.openfeign.FeignClientFactoryBean   : For 'item-service' URL not provided. Will try picking an instance via load-balancing.
10:45:58:995  INFO 40920 --- [main] pertySourcedRequestMappingHandlerMapping : Mapped URL path [/v2/api-docs] onto method [springfox.documentation.swagger2.web.Swagger2ControllerWebMvc#getDocumentation(String, HttpServletRequest)]
10:45:59:321  INFO 40920 --- [main] com.alibaba.nacos.common.remote.client   : [RpcClientFactory] create a new rpc client of 384bd7c5-2cac-4c18-86a4-b22dcf6e322e
10:45:59:362  INFO 40920 --- [main] org.reflections.Reflections              : Reflections took 20 ms to scan 1 urls, producing 3 keys and 6 values
10:45:59:379  INFO 40920 --- [main] org.reflections.Reflections              : Reflections took 5 ms to scan 1 urls, producing 4 keys and 9 values
10:45:59:385  INFO 40920 --- [main] org.reflections.Reflections              : Reflections took 3 ms to scan 1 urls, producing 3 keys and 10 values
10:45:59:387  WARN 40920 --- [main] org.reflections.Reflections              : given scan urls are empty. set urls in the configuration
10:45:59:389  INFO 40920 --- [main] org.reflections.Reflections              : Reflections took 2 ms to scan 1 urls, producing 1 keys and 5 values
10:45:59:393  INFO 40920 --- [main] org.reflections.Reflections              : Reflections took 0 ms to scan 1 urls, producing 1 keys and 7 values
10:45:59:402  INFO 40920 --- [main] org.reflections.Reflections              : Reflections took 2 ms to scan 1 urls, producing 2 keys and 8 values
10:45:59:403  WARN 40920 --- [main] org.reflections.Reflections              : given scan urls are empty. set urls in the configuration
10:45:59:403  INFO 40920 --- [main] com.alibaba.nacos.common.remote.client   : [384bd7c5-2cac-4c18-86a4-b22dcf6e322e] RpcClient init label, labels = {module=naming, source=sdk}
10:45:59:403  INFO 40920 --- [main] com.alibaba.nacos.common.remote.client   : [384bd7c5-2cac-4c18-86a4-b22dcf6e322e] RpcClient init, ServerListFactory = com.alibaba.nacos.client.naming.core.ServerListManager
10:45:59:403  INFO 40920 --- [main] com.alibaba.nacos.common.remote.client   : [384bd7c5-2cac-4c18-86a4-b22dcf6e322e] Registry connection listener to current client:com.alibaba.nacos.client.naming.remote.gprc.redo.NamingGrpcRedoService
10:45:59:403  INFO 40920 --- [main] com.alibaba.nacos.common.remote.client   : [384bd7c5-2cac-4c18-86a4-b22dcf6e322e] Register server push request handler:com.alibaba.nacos.client.naming.remote.gprc.NamingPushRequestHandler
10:45:59:403  INFO 40920 --- [main] com.alibaba.nacos.common.remote.client   : [384bd7c5-2cac-4c18-86a4-b22dcf6e322e] Try to connect to server on start up, server: {serverIp = '127.0.0.1', server main port = 8848}
10:46:00:131  INFO 40920 --- [main] com.alibaba.nacos.common.remote.client   : [384bd7c5-2cac-4c18-86a4-b22dcf6e322e] Success to connect to server [127.0.0.1:8848] on start up, connectionId = 1761187559957_172.17.0.1_40538
10:46:00:132  INFO 40920 --- [com.alibaba.nacos.client.remote.worker] com.alibaba.nacos.common.remote.client   : [384bd7c5-2cac-4c18-86a4-b22dcf6e322e] Notify connected event to listeners.
10:46:00:132  INFO 40920 --- [main] com.alibaba.nacos.common.remote.client   : [384bd7c5-2cac-4c18-86a4-b22dcf6e322e] Register server push request handler:com.alibaba.nacos.common.remote.client.RpcClient$ConnectResetRequestHandler
10:46:00:132  INFO 40920 --- [main] com.alibaba.nacos.common.remote.client   : [384bd7c5-2cac-4c18-86a4-b22dcf6e322e] Register server push request handler:com.alibaba.nacos.common.remote.client.RpcClient$$Lambda$929/0x0000021c937639c0
10:46:00:176  INFO 40920 --- [main] o.s.b.w.embedded.tomcat.TomcatWebServer  : Tomcat started on port(s): 8084 (http) with context path ''
10:46:00:186  INFO 40920 --- [main] c.a.c.n.registry.NacosServiceRegistry    : nacos registry, DEFAULT_GROUP cart-service 192.168.21.1:8084 register finished
10:46:00:288  INFO 40920 --- [main] d.s.w.p.DocumentationPluginsBootstrapper : Documentation plugins bootstrapped
10:46:00:293  INFO 40920 --- [main] d.s.w.p.DocumentationPluginsBootstrapper : Found 1 custom documentation plugin(s)
10:46:00:309  INFO 40920 --- [main] s.d.s.w.s.ApiListingReferenceScanner     : Scanning for api listing references
10:46:00:387  INFO 40920 --- [main] com.hmall.cart.CartApplication           : Started CartApplication in 4.143 seconds (JVM running for 4.518)
10:46:00:688  INFO 40920 --- [nacos-grpc-client-executor-8] com.alibaba.nacos.common.remote.client   : [384bd7c5-2cac-4c18-86a4-b22dcf6e322e] Receive server push request, request = NotifySubscriberRequest, requestId = 34
10:46:00:693  INFO 40920 --- [nacos-grpc-client-executor-8] com.alibaba.nacos.common.remote.client   : [384bd7c5-2cac-4c18-86a4-b22dcf6e322e] Ack server push request, request = NotifySubscriberRequest, requestId = 34
10:46:00:812  INFO 30088 --- [main] com.hmall.cart.CartApplication           : Starting CartApplication using Java 17.0.14 on LAPTOP-RCD2EBQ7 with PID 30088 (D:\ADevPlan\abackend\java-cloud-server\cloud-server\hmall\cart-service\target\classes started by Konoha in D:\ADevPlan\abackend\java-cloud-server\cloud-server\hmall\cart-service)
10:46:00:814 DEBUG 30088 --- [main] com.hmall.cart.CartApplication           : Running with Spring Boot v2.7.12, Spring v5.3.27
10:46:00:815  INFO 30088 --- [main] com.hmall.cart.CartApplication           : The following 1 profile is active: "dev"
10:46:01:649  INFO 30088 --- [main] o.s.cloud.context.scope.GenericScope     : BeanFactory id=fc3d8f54-a72f-341f-82ed-73c04c8e8b1a
10:46:02:156  INFO 30088 --- [main] o.s.b.w.embedded.tomcat.TomcatWebServer  : Tomcat initialized with port(s): 8082 (http)
10:46:02:163  INFO 30088 --- [main] o.apache.catalina.core.StandardService   : Starting service [Tomcat]
10:46:02:163  INFO 30088 --- [main] org.apache.catalina.core.StandardEngine  : Starting Servlet engine: [Apache Tomcat/9.0.75]
10:46:02:292  INFO 30088 --- [main] o.a.c.c.C.[Tomcat].[localhost].[/]       : Initializing Spring embedded WebApplicationContext
10:46:02:292  INFO 30088 --- [main] w.s.c.ServletWebServerApplicationContext : Root WebApplicationContext: initialization completed in 1445 ms
10:46:02:461  INFO 30088 --- [main] o.s.c.openfeign.FeignClientFactoryBean   : For 'item-service' URL not provided. Will try picking an instance via load-balancing.
10:46:03:685  INFO 30088 --- [main] pertySourcedRequestMappingHandlerMapping : Mapped URL path [/v2/api-docs] onto method [springfox.documentation.swagger2.web.Swagger2ControllerWebMvc#getDocumentation(String, HttpServletRequest)]
10:46:04:127  INFO 30088 --- [main] com.alibaba.nacos.common.remote.client   : [RpcClientFactory] create a new rpc client of 6d2dc27d-b74e-4e4f-85ea-e92a08839fe3
10:46:04:174  INFO 30088 --- [main] org.reflections.Reflections              : Reflections took 19 ms to scan 1 urls, producing 3 keys and 6 values
10:46:04:189  INFO 30088 --- [main] org.reflections.Reflections              : Reflections took 5 ms to scan 1 urls, producing 4 keys and 9 values
10:46:04:195  INFO 30088 --- [main] org.reflections.Reflections              : Reflections took 6 ms to scan 1 urls, producing 3 keys and 10 values
10:46:04:195  WARN 30088 --- [main] org.reflections.Reflections              : given scan urls are empty. set urls in the configuration
10:46:04:199  INFO 30088 --- [main] org.reflections.Reflections              : Reflections took 4 ms to scan 1 urls, producing 1 keys and 5 values
10:46:04:206  INFO 30088 --- [main] org.reflections.Reflections              : Reflections took 6 ms to scan 1 urls, producing 1 keys and 7 values
10:46:04:210  INFO 30088 --- [main] org.reflections.Reflections              : Reflections took 2 ms to scan 1 urls, producing 2 keys and 8 values
10:46:04:210  WARN 30088 --- [main] org.reflections.Reflections              : given scan urls are empty. set urls in the configuration
10:46:04:210  INFO 30088 --- [main] com.alibaba.nacos.common.remote.client   : [6d2dc27d-b74e-4e4f-85ea-e92a08839fe3] RpcClient init label, labels = {module=naming, source=sdk}
10:46:04:210  INFO 30088 --- [main] com.alibaba.nacos.common.remote.client   : [6d2dc27d-b74e-4e4f-85ea-e92a08839fe3] RpcClient init, ServerListFactory = com.alibaba.nacos.client.naming.core.ServerListManager
10:46:04:210  INFO 30088 --- [main] com.alibaba.nacos.common.remote.client   : [6d2dc27d-b74e-4e4f-85ea-e92a08839fe3] Registry connection listener to current client:com.alibaba.nacos.client.naming.remote.gprc.redo.NamingGrpcRedoService
10:46:04:210  INFO 30088 --- [main] com.alibaba.nacos.common.remote.client   : [6d2dc27d-b74e-4e4f-85ea-e92a08839fe3] Register server push request handler:com.alibaba.nacos.client.naming.remote.gprc.NamingPushRequestHandler
10:46:04:216  INFO 30088 --- [main] com.alibaba.nacos.common.remote.client   : [6d2dc27d-b74e-4e4f-85ea-e92a08839fe3] Try to connect to server on start up, server: {serverIp = '127.0.0.1', server main port = 8848}
10:46:05:159  INFO 30088 --- [main] com.alibaba.nacos.common.remote.client   : [6d2dc27d-b74e-4e4f-85ea-e92a08839fe3] Success to connect to server [127.0.0.1:8848] on start up, connectionId = 1761187564916_172.17.0.1_40554
10:46:05:160  INFO 30088 --- [com.alibaba.nacos.client.remote.worker] com.alibaba.nacos.common.remote.client   : [6d2dc27d-b74e-4e4f-85ea-e92a08839fe3] Notify connected event to listeners.
10:46:05:160  INFO 30088 --- [main] com.alibaba.nacos.common.remote.client   : [6d2dc27d-b74e-4e4f-85ea-e92a08839fe3] Register server push request handler:com.alibaba.nacos.common.remote.client.RpcClient$ConnectResetRequestHandler
10:46:05:160  INFO 30088 --- [main] com.alibaba.nacos.common.remote.client   : [6d2dc27d-b74e-4e4f-85ea-e92a08839fe3] Register server push request handler:com.alibaba.nacos.common.remote.client.RpcClient$$Lambda$929/0x0000021781764500
10:46:05:255  INFO 30088 --- [main] o.s.b.w.embedded.tomcat.TomcatWebServer  : Tomcat started on port(s): 8082 (http) with context path ''
10:46:05:272  INFO 30088 --- [main] c.a.c.n.registry.NacosServiceRegistry    : nacos registry, DEFAULT_GROUP cart-service 192.168.21.1:8082 register finished
10:46:05:398  INFO 30088 --- [main] d.s.w.p.DocumentationPluginsBootstrapper : Documentation plugins bootstrapped
10:46:05:402  INFO 30088 --- [main] d.s.w.p.DocumentationPluginsBootstrapper : Found 1 custom documentation plugin(s)
10:46:05:436  INFO 30088 --- [main] s.d.s.w.s.ApiListingReferenceScanner     : Scanning for api listing references
10:46:05:544  INFO 30088 --- [main] com.hmall.cart.CartApplication           : Started CartApplication in 5.331 seconds (JVM running for 5.608)
10:46:05:786  INFO 40920 --- [nacos-grpc-client-executor-11] com.alibaba.nacos.common.remote.client   : [384bd7c5-2cac-4c18-86a4-b22dcf6e322e] Receive server push request, request = NotifySubscriberRequest, requestId = 36
10:46:05:794  INFO 40920 --- [nacos-grpc-client-executor-11] com.alibaba.nacos.common.remote.client   : [384bd7c5-2cac-4c18-86a4-b22dcf6e322e] Ack server push request, request = NotifySubscriberRequest, requestId = 36
10:46:05:809  INFO 30088 --- [nacos-grpc-client-executor-7] com.alibaba.nacos.common.remote.client   : [6d2dc27d-b74e-4e4f-85ea-e92a08839fe3] Receive server push request, request = NotifySubscriberRequest, requestId = 35
10:46:05:813  INFO 30088 --- [nacos-grpc-client-executor-7] com.alibaba.nacos.common.remote.client   : [6d2dc27d-b74e-4e4f-85ea-e92a08839fe3] Ack server push request, request = NotifySubscriberRequest, requestId = 35
10:46:36:932  INFO 30088 --- [http-nio-8082-exec-2] o.a.c.c.C.[Tomcat].[localhost].[/]       : Initializing Spring DispatcherServlet 'dispatcherServlet'
10:46:36:933  INFO 30088 --- [http-nio-8082-exec-2] o.s.web.servlet.DispatcherServlet        : Initializing Servlet 'dispatcherServlet'
10:46:36:935  INFO 30088 --- [http-nio-8082-exec-2] o.s.web.servlet.DispatcherServlet        : Completed initialization in 2 ms
10:46:37:108  INFO 30088 --- [http-nio-8082-exec-2] com.zaxxer.hikari.HikariDataSource       : HikariPool-1 - Starting...
10:46:37:600  INFO 30088 --- [http-nio-8082-exec-2] com.zaxxer.hikari.HikariDataSource       : HikariPool-1 - Start completed.
10:46:37:607 DEBUG 30088 --- [http-nio-8082-exec-2] c.h.cart.mapper.CartMapper.selectList    : ==>  Preparing: SELECT id,user_id,item_id,num,name,spec,price,image,create_time,update_time FROM cart WHERE (user_id = ?)
10:46:37:640 DEBUG 30088 --- [http-nio-8082-exec-2] c.h.cart.mapper.CartMapper.selectList    : ==> Parameters: 1(Long)
10:46:37:678 DEBUG 30088 --- [http-nio-8082-exec-2] c.h.cart.mapper.CartMapper.selectList    : <==      Total: 1
10:46:38:474  INFO 30088 --- [nacos-grpc-client-executor-16] com.alibaba.nacos.common.remote.client   : [6d2dc27d-b74e-4e4f-85ea-e92a08839fe3] Receive server push request, request = NotifySubscriberRequest, requestId = 37
10:46:38:474  INFO 30088 --- [nacos-grpc-client-executor-16] com.alibaba.nacos.common.remote.client   : [6d2dc27d-b74e-4e4f-85ea-e92a08839fe3] Ack server push request, request = NotifySubscriberRequest, requestId = 37
10:58:14:373  WARN 30088 --- [Thread-4] c.a.nacos.common.notify.NotifyCenter     : [NotifyCenter] Start destroying Publisher
10:58:14:373  WARN 30088 --- [Thread-7] c.a.n.common.http.HttpClientBeanHolder   : [HttpClientBeanHolder] Start destroying common HttpClient
10:58:14:374  WARN 30088 --- [Thread-4] c.a.nacos.common.notify.NotifyCenter     : [NotifyCenter] Destruction of the end
10:58:14:374  WARN 30088 --- [Thread-7] c.a.n.common.http.HttpClientBeanHolder   : [HttpClientBeanHolder] Destruction of the end
10:58:14:407  INFO 30088 --- [SpringApplicationShutdownHook] c.a.c.n.registry.NacosServiceRegistry    : De-registering from Nacos Server now...
10:58:14:412  INFO 30088 --- [SpringApplicationShutdownHook] c.a.c.n.registry.NacosServiceRegistry    : De-registration finished.
10:58:14:743  INFO 30088 --- [SpringApplicationShutdownHook] com.alibaba.nacos.common.remote.client   : Shutdown rpc client, set status to shutdown
10:58:14:743  INFO 30088 --- [SpringApplicationShutdownHook] com.alibaba.nacos.common.remote.client   : Shutdown client event executor java.util.concurrent.ScheduledThreadPoolExecutor@1ce67f8c[Running, pool size = 2, active threads = 2, queued tasks = 0, completed tasks = 0]
10:58:14:743  INFO 30088 --- [SpringApplicationShutdownHook] com.alibaba.nacos.common.remote.client   : Close current connection 1761187564916_172.17.0.1_40554
10:58:14:748  INFO 30088 --- [nacos-grpc-client-executor-165] c.a.n.c.remote.client.grpc.GrpcClient    : [1761187564916_172.17.0.1_40554]Ignore complete event,isRunning:false,isAbandon=false
10:58:14:752  INFO 30088 --- [SpringApplicationShutdownHook] c.a.n.c.remote.client.grpc.GrpcClient    : Shutdown grpc executor java.util.concurrent.ThreadPoolExecutor@2d7d1439[Running, pool size = 5, active threads = 0, queued tasks = 0, completed tasks = 166]
10:58:14:757  INFO 30088 --- [SpringApplicationShutdownHook] com.zaxxer.hikari.HikariDataSource       : HikariPool-1 - Shutdown initiated...
10:58:14:776  INFO 30088 --- [SpringApplicationShutdownHook] com.zaxxer.hikari.HikariDataSource       : HikariPool-1 - Shutdown completed.
10:58:14:979  INFO 40920 --- [nacos-grpc-client-executor-161] com.alibaba.nacos.common.remote.client   : [384bd7c5-2cac-4c18-86a4-b22dcf6e322e] Receive server push request, request = NotifySubscriberRequest, requestId = 38
10:58:14:985  INFO 40920 --- [nacos-grpc-client-executor-161] com.alibaba.nacos.common.remote.client   : [384bd7c5-2cac-4c18-86a4-b22dcf6e322e] Ack server push request, request = NotifySubscriberRequest, requestId = 38
10:58:21:754  WARN 40920 --- [Thread-7] c.a.n.common.http.HttpClientBeanHolder   : [HttpClientBeanHolder] Start destroying common HttpClient
10:58:21:754  WARN 40920 --- [Thread-4] c.a.nacos.common.notify.NotifyCenter     : [NotifyCenter] Start destroying Publisher
10:58:21:755  WARN 40920 --- [Thread-7] c.a.n.common.http.HttpClientBeanHolder   : [HttpClientBeanHolder] Destruction of the end
10:58:21:755  WARN 40920 --- [Thread-4] c.a.nacos.common.notify.NotifyCenter     : [NotifyCenter] Destruction of the end
10:58:21:824  INFO 40920 --- [SpringApplicationShutdownHook] c.a.c.n.registry.NacosServiceRegistry    : De-registering from Nacos Server now...
10:58:21:835  INFO 40920 --- [SpringApplicationShutdownHook] c.a.c.n.registry.NacosServiceRegistry    : De-registration finished.
10:58:22:148  INFO 40920 --- [SpringApplicationShutdownHook] com.alibaba.nacos.common.remote.client   : Shutdown rpc client, set status to shutdown
10:58:22:149  INFO 40920 --- [SpringApplicationShutdownHook] com.alibaba.nacos.common.remote.client   : Shutdown client event executor java.util.concurrent.ScheduledThreadPoolExecutor@3a4e91d5[Running, pool size = 2, active threads = 2, queued tasks = 0, completed tasks = 0]
10:58:22:149  INFO 40920 --- [SpringApplicationShutdownHook] com.alibaba.nacos.common.remote.client   : Close current connection 1761187559957_172.17.0.1_40538
10:58:22:159  INFO 40920 --- [SpringApplicationShutdownHook] c.a.n.c.remote.client.grpc.GrpcClient    : Shutdown grpc executor java.util.concurrent.ThreadPoolExecutor@12c20439[Running, pool size = 5, active threads = 1, queued tasks = 0, completed tasks = 165]
10:58:22:160  INFO 40920 --- [nacos-grpc-client-executor-165] c.a.n.c.remote.client.grpc.GrpcClient    : [1761187559957_172.17.0.1_40538]Ignore complete event,isRunning:false,isAbandon=false
11:03:09:438  INFO 15760 --- [main] com.hmall.cart.CartApplication           : Starting CartApplication using Java 17.0.14 on LAPTOP-RCD2EBQ7 with PID 15760 (D:\ADevPlan\abackend\java-cloud-server\cloud-server\hmall\cart-service\target\classes started by Konoha in D:\ADevPlan\abackend\java-cloud-server\cloud-server\hmall\cart-service)
11:03:09:440 DEBUG 15760 --- [main] com.hmall.cart.CartApplication           : Running with Spring Boot v2.7.12, Spring v5.3.27
11:03:09:441  INFO 15760 --- [main] com.hmall.cart.CartApplication           : The following 1 profile is active: "dev"
11:03:10:293  INFO 15760 --- [main] o.s.cloud.context.scope.GenericScope     : BeanFactory id=d3881bc1-3b79-3c56-b989-50157cefed0e
11:03:10:754  INFO 15760 --- [main] o.s.b.w.embedded.tomcat.TomcatWebServer  : Tomcat initialized with port(s): 8082 (http)
11:03:10:765  INFO 15760 --- [main] o.apache.catalina.core.StandardService   : Starting service [Tomcat]
11:03:10:766  INFO 15760 --- [main] org.apache.catalina.core.StandardEngine  : Starting Servlet engine: [Apache Tomcat/9.0.75]
11:03:10:874  INFO 15760 --- [main] o.a.c.c.C.[Tomcat].[localhost].[/]       : Initializing Spring embedded WebApplicationContext
11:03:10:875  INFO 15760 --- [main] w.s.c.ServletWebServerApplicationContext : Root WebApplicationContext: initialization completed in 1396 ms
11:03:10:933  WARN 15760 --- [main] ConfigServletWebServerApplicationContext : Exception encountered during context initialization - cancelling refresh attempt: org.springframework.beans.factory.UnsatisfiedDependencyException: Error creating bean with name 'cartController' defined in file [D:\ADevPlan\abackend\java-cloud-server\cloud-server\hmall\cart-service\target\classes\com\hmall\cart\controller\CartController.class]: Unsatisfied dependency expressed through constructor parameter 0; nested exception is org.springframework.beans.factory.UnsatisfiedDependencyException: Error creating bean with name 'cartServiceImpl' defined in file [D:\ADevPlan\abackend\java-cloud-server\cloud-server\hmall\cart-service\target\classes\com\hmall\cart\service\impl\CartServiceImpl.class]: Unsatisfied dependency expressed through constructor parameter 0; nested exception is org.springframework.beans.factory.NoSuchBeanDefinitionException: No qualifying bean of type 'com.hmall.api.client.ItemClient' available: expected at least 1 bean which qualifies as autowire candidate. Dependency annotations: {}
11:03:10:937  INFO 15760 --- [main] o.apache.catalina.core.StandardService   : Stopping service [Tomcat]
11:03:10:951  INFO 15760 --- [main] ConditionEvaluationReportLoggingListener : 

Error starting ApplicationContext. To display the conditions report re-run your application with 'debug' enabled.
11:03:10:967 ERROR 15760 --- [main] o.s.b.d.LoggingFailureAnalysisReporter   : 

***************************
APPLICATION FAILED TO START
***************************

Description:

Parameter 0 of constructor in com.hmall.cart.service.impl.CartServiceImpl required a bean of type 'com.hmall.api.client.ItemClient' that could not be found.


Action:

Consider defining a bean of type 'com.hmall.api.client.ItemClient' in your configuration.

11:06:59:032  INFO 57512 --- [main] com.hmall.cart.CartApplication           : Starting CartApplication using Java 17.0.14 on LAPTOP-RCD2EBQ7 with PID 57512 (D:\ADevPlan\abackend\java-cloud-server\cloud-server\hmall\cart-service\target\classes started by Konoha in D:\ADevPlan\abackend\java-cloud-server\cloud-server\hmall\cart-service)
11:06:59:034 DEBUG 57512 --- [main] com.hmall.cart.CartApplication           : Running with Spring Boot v2.7.12, Spring v5.3.27
11:06:59:035  INFO 57512 --- [main] com.hmall.cart.CartApplication           : The following 1 profile is active: "dev"
11:06:59:472  WARN 57512 --- [main] ConfigServletWebServerApplicationContext : Exception encountered during context initialization - cancelling refresh attempt: org.springframework.beans.factory.support.BeanDefinitionOverrideException: Invalid bean definition with name 'item-service.FeignClientSpecification' defined in null: Cannot register bean definition [Generic bean: class [org.springframework.cloud.openfeign.FeignClientSpecification]; scope=; abstract=false; lazyInit=null; autowireMode=0; dependencyCheck=0; autowireCandidate=true; primary=false; factoryBeanName=null; factoryMethodName=null; initMethodName=null; destroyMethodName=null] for bean 'item-service.FeignClientSpecification': There is already [Generic bean: class [org.springframework.cloud.openfeign.FeignClientSpecification]; scope=; abstract=false; lazyInit=null; autowireMode=0; dependencyCheck=0; autowireCandidate=true; primary=false; factoryBeanName=null; factoryMethodName=null; initMethodName=null; destroyMethodName=null] bound.
11:06:59:482  INFO 57512 --- [main] ConditionEvaluationReportLoggingListener : 

Error starting ApplicationContext. To display the conditions report re-run your application with 'debug' enabled.
11:06:59:517 ERROR 57512 --- [main] o.s.b.d.LoggingFailureAnalysisReporter   : 

***************************
APPLICATION FAILED TO START
***************************

Description:

The bean 'item-service.FeignClientSpecification' could not be registered. A bean with that name has already been defined and overriding is disabled.

Action:

Consider renaming one of the beans or enabling overriding by setting spring.main.allow-bean-definition-overriding=true

11:08:09:110  INFO 21812 --- [main] com.hmall.cart.CartApplication           : Starting CartApplication using Java 17.0.14 on LAPTOP-RCD2EBQ7 with PID 21812 (D:\ADevPlan\abackend\java-cloud-server\cloud-server\hmall\cart-service\target\classes started by Konoha in D:\ADevPlan\abackend\java-cloud-server\cloud-server\hmall\cart-service)
11:08:09:113 DEBUG 21812 --- [main] com.hmall.cart.CartApplication           : Running with Spring Boot v2.7.12, Spring v5.3.27
11:08:09:113  INFO 21812 --- [main] com.hmall.cart.CartApplication           : The following 1 profile is active: "dev"
11:08:09:539  WARN 21812 --- [main] ConfigServletWebServerApplicationContext : Exception encountered during context initialization - cancelling refresh attempt: org.springframework.beans.factory.support.BeanDefinitionOverrideException: Invalid bean definition with name 'item-service.FeignClientSpecification' defined in null: Cannot register bean definition [Generic bean: class [org.springframework.cloud.openfeign.FeignClientSpecification]; scope=; abstract=false; lazyInit=null; autowireMode=0; dependencyCheck=0; autowireCandidate=true; primary=false; factoryBeanName=null; factoryMethodName=null; initMethodName=null; destroyMethodName=null] for bean 'item-service.FeignClientSpecification': There is already [Generic bean: class [org.springframework.cloud.openfeign.FeignClientSpecification]; scope=; abstract=false; lazyInit=null; autowireMode=0; dependencyCheck=0; autowireCandidate=true; primary=false; factoryBeanName=null; factoryMethodName=null; initMethodName=null; destroyMethodName=null] bound.
11:08:09:552  INFO 21812 --- [main] ConditionEvaluationReportLoggingListener : 

Error starting ApplicationContext. To display the conditions report re-run your application with 'debug' enabled.
11:08:09:583 ERROR 21812 --- [main] o.s.b.d.LoggingFailureAnalysisReporter   : 

***************************
APPLICATION FAILED TO START
***************************

Description:

The bean 'item-service.FeignClientSpecification' could not be registered. A bean with that name has already been defined and overriding is disabled.

Action:

Consider renaming one of the beans or enabling overriding by setting spring.main.allow-bean-definition-overriding=true

11:08:34:396  INFO 12196 --- [main] com.hmall.cart.CartApplication           : Starting CartApplication using Java 17.0.14 on LAPTOP-RCD2EBQ7 with PID 12196 (D:\ADevPlan\abackend\java-cloud-server\cloud-server\hmall\cart-service\target\classes started by Konoha in D:\ADevPlan\abackend\java-cloud-server\cloud-server\hmall\cart-service)
11:08:34:398 DEBUG 12196 --- [main] com.hmall.cart.CartApplication           : Running with Spring Boot v2.7.12, Spring v5.3.27
11:08:34:398  INFO 12196 --- [main] com.hmall.cart.CartApplication           : The following 1 profile is active: "dev"
11:08:35:251  INFO 12196 --- [main] o.s.cloud.context.scope.GenericScope     : BeanFactory id=5b55fdd9-6fa1-3f20-9fd6-13812a989bbd
11:08:35:816  INFO 12196 --- [main] o.s.b.w.embedded.tomcat.TomcatWebServer  : Tomcat initialized with port(s): 8082 (http)
11:08:35:834  INFO 12196 --- [main] o.apache.catalina.core.StandardService   : Starting service [Tomcat]
11:08:35:835  INFO 12196 --- [main] org.apache.catalina.core.StandardEngine  : Starting Servlet engine: [Apache Tomcat/9.0.75]
11:08:36:011  INFO 12196 --- [main] o.a.c.c.C.[Tomcat].[localhost].[/]       : Initializing Spring embedded WebApplicationContext
11:08:36:012  INFO 12196 --- [main] w.s.c.ServletWebServerApplicationContext : Root WebApplicationContext: initialization completed in 1574 ms
11:08:36:215  INFO 12196 --- [main] o.s.c.openfeign.FeignClientFactoryBean   : For 'item-service' URL not provided. Will try picking an instance via load-balancing.
11:08:37:336  INFO 12196 --- [main] pertySourcedRequestMappingHandlerMapping : Mapped URL path [/v2/api-docs] onto method [springfox.documentation.swagger2.web.Swagger2ControllerWebMvc#getDocumentation(String, HttpServletRequest)]
11:08:37:751  INFO 12196 --- [main] com.alibaba.nacos.common.remote.client   : [RpcClientFactory] create a new rpc client of 418ac456-7126-4cf4-9428-eb712d157434
11:08:37:835  INFO 12196 --- [main] org.reflections.Reflections              : Reflections took 35 ms to scan 1 urls, producing 3 keys and 6 values 
11:08:37:859  INFO 12196 --- [main] org.reflections.Reflections              : Reflections took 7 ms to scan 1 urls, producing 4 keys and 9 values 
11:08:37:867  INFO 12196 --- [main] org.reflections.Reflections              : Reflections took 5 ms to scan 1 urls, producing 3 keys and 10 values 
11:08:37:870  WARN 12196 --- [main] org.reflections.Reflections              : given scan urls are empty. set urls in the configuration
11:08:37:876  INFO 12196 --- [main] org.reflections.Reflections              : Reflections took 5 ms to scan 1 urls, producing 1 keys and 5 values 
11:08:37:884  INFO 12196 --- [main] org.reflections.Reflections              : Reflections took 5 ms to scan 1 urls, producing 1 keys and 7 values 
11:08:37:889  INFO 12196 --- [main] org.reflections.Reflections              : Reflections took 3 ms to scan 1 urls, producing 2 keys and 8 values 
11:08:37:891  WARN 12196 --- [main] org.reflections.Reflections              : given scan urls are empty. set urls in the configuration
11:08:37:892  INFO 12196 --- [main] com.alibaba.nacos.common.remote.client   : [418ac456-7126-4cf4-9428-eb712d157434] RpcClient init label, labels = {module=naming, source=sdk}
11:08:37:894  INFO 12196 --- [main] com.alibaba.nacos.common.remote.client   : [418ac456-7126-4cf4-9428-eb712d157434] RpcClient init, ServerListFactory = com.alibaba.nacos.client.naming.core.ServerListManager
11:08:37:895  INFO 12196 --- [main] com.alibaba.nacos.common.remote.client   : [418ac456-7126-4cf4-9428-eb712d157434] Registry connection listener to current client:com.alibaba.nacos.client.naming.remote.gprc.redo.NamingGrpcRedoService
11:08:37:895  INFO 12196 --- [main] com.alibaba.nacos.common.remote.client   : [418ac456-7126-4cf4-9428-eb712d157434] Register server push request handler:com.alibaba.nacos.client.naming.remote.gprc.NamingPushRequestHandler
11:08:37:897  INFO 12196 --- [main] com.alibaba.nacos.common.remote.client   : [418ac456-7126-4cf4-9428-eb712d157434] Try to connect to server on start up, server: {serverIp = '127.0.0.1', server main port = 8848}
11:08:38:698  INFO 12196 --- [main] com.alibaba.nacos.common.remote.client   : [418ac456-7126-4cf4-9428-eb712d157434] Success to connect to server [127.0.0.1:8848] on start up, connectionId = 1761188918512_172.17.0.1_37360
11:08:38:699  INFO 12196 --- [com.alibaba.nacos.client.remote.worker] com.alibaba.nacos.common.remote.client   : [418ac456-7126-4cf4-9428-eb712d157434] Notify connected event to listeners.
11:08:38:700  INFO 12196 --- [main] com.alibaba.nacos.common.remote.client   : [418ac456-7126-4cf4-9428-eb712d157434] Register server push request handler:com.alibaba.nacos.common.remote.client.RpcClient$ConnectResetRequestHandler
11:08:38:701  INFO 12196 --- [main] com.alibaba.nacos.common.remote.client   : [418ac456-7126-4cf4-9428-eb712d157434] Register server push request handler:com.alibaba.nacos.common.remote.client.RpcClient$$Lambda$929/0x000002ae16764500
11:08:38:784  INFO 12196 --- [main] o.s.b.w.embedded.tomcat.TomcatWebServer  : Tomcat started on port(s): 8082 (http) with context path ''
11:08:38:810  INFO 12196 --- [main] c.a.c.n.registry.NacosServiceRegistry    : nacos registry, DEFAULT_GROUP cart-service 192.168.21.1:8082 register finished
11:08:38:980  INFO 12196 --- [main] d.s.w.p.DocumentationPluginsBootstrapper : Documentation plugins bootstrapped
11:08:38:985  INFO 12196 --- [main] d.s.w.p.DocumentationPluginsBootstrapper : Found 1 custom documentation plugin(s)
11:08:39:024  INFO 12196 --- [main] s.d.s.w.s.ApiListingReferenceScanner     : Scanning for api listing references
11:08:39:134  INFO 12196 --- [main] com.hmall.cart.CartApplication           : Started CartApplication in 5.532 seconds (JVM running for 5.904)
11:08:39:321  INFO 12196 --- [nacos-grpc-client-executor-8] com.alibaba.nacos.common.remote.client   : [418ac456-7126-4cf4-9428-eb712d157434] Receive server push request, request = NotifySubscriberRequest, requestId = 39
11:08:39:326  INFO 12196 --- [nacos-grpc-client-executor-8] com.alibaba.nacos.common.remote.client   : [418ac456-7126-4cf4-9428-eb712d157434] Ack server push request, request = NotifySubscriberRequest, requestId = 39
11:08:45:939  INFO 12196 --- [http-nio-8082-exec-1] o.a.c.c.C.[Tomcat].[localhost].[/]       : Initializing Spring DispatcherServlet 'dispatcherServlet'
11:08:45:940  INFO 12196 --- [http-nio-8082-exec-1] o.s.web.servlet.DispatcherServlet        : Initializing Servlet 'dispatcherServlet'
11:08:45:942  INFO 12196 --- [http-nio-8082-exec-1] o.s.web.servlet.DispatcherServlet        : Completed initialization in 1 ms
11:08:46:032  INFO 12196 --- [http-nio-8082-exec-1] com.zaxxer.hikari.HikariDataSource       : HikariPool-1 - Starting...
11:08:46:402  INFO 12196 --- [http-nio-8082-exec-1] com.zaxxer.hikari.HikariDataSource       : HikariPool-1 - Start completed.
11:08:46:414 DEBUG 12196 --- [http-nio-8082-exec-1] c.h.cart.mapper.CartMapper.selectList    : ==>  Preparing: SELECT id,user_id,item_id,num,name,spec,price,image,create_time,update_time FROM cart WHERE (user_id = ?)
11:08:46:456 DEBUG 12196 --- [http-nio-8082-exec-1] c.h.cart.mapper.CartMapper.selectList    : ==> Parameters: 1(Long)
11:08:46:498 DEBUG 12196 --- [http-nio-8082-exec-1] c.h.cart.mapper.CartMapper.selectList    : <==      Total: 1
11:08:46:570 DEBUG 12196 --- [http-nio-8082-exec-1] com.hmall.api.client.ItemClient          : [ItemClient#queryItemByIds] ---> GET http://item-service/items?ids=100000006163 HTTP/1.1
11:08:46:570 DEBUG 12196 --- [http-nio-8082-exec-1] com.hmall.api.client.ItemClient          : [ItemClient#queryItemByIds] ---> END HTTP (0-byte body)
11:08:46:676 DEBUG 12196 --- [http-nio-8082-exec-1] com.hmall.api.client.ItemClient          : [ItemClient#queryItemByIds] <--- HTTP/1.1 200 (105ms)
11:08:46:677 DEBUG 12196 --- [http-nio-8082-exec-1] com.hmall.api.client.ItemClient          : [ItemClient#queryItemByIds] connection: keep-alive
11:08:46:677 DEBUG 12196 --- [http-nio-8082-exec-1] com.hmall.api.client.ItemClient          : [ItemClient#queryItemByIds] content-type: application/json
11:08:46:677 DEBUG 12196 --- [http-nio-8082-exec-1] com.hmall.api.client.ItemClient          : [ItemClient#queryItemByIds] date: Thu, 23 Oct 2025 03:08:46 GMT
11:08:46:677 DEBUG 12196 --- [http-nio-8082-exec-1] com.hmall.api.client.ItemClient          : [ItemClient#queryItemByIds] keep-alive: timeout=60
11:08:46:677 DEBUG 12196 --- [http-nio-8082-exec-1] com.hmall.api.client.ItemClient          : [ItemClient#queryItemByIds] transfer-encoding: chunked
11:08:46:677 DEBUG 12196 --- [http-nio-8082-exec-1] com.hmall.api.client.ItemClient          : [ItemClient#queryItemByIds] 
11:08:46:678 DEBUG 12196 --- [http-nio-8082-exec-1] com.hmall.api.client.ItemClient          : [ItemClient#queryItemByIds] [{"id":"100000006163","name":"°Í²¼¶¹(BOBDOG)Èá±¡ÔÃ¶¯Ó¤¶ùÀ­À­¿ãXXLÂë80Æ¬(15kgÒÔÉÏ)","price":67100,"stock":10000,"image":"https://m.360buyimg.com/mobilecms/s720x720_jfs/t23998/350/2363990466/222391/a6e9581d/5b7cba5bN0c18fb4f.jpg!q70.jpg.webp","category":"À­À­¿ã","brand":"°Í²¼¶¹","spec":"{}","sold":11,"commentCount":33343434,"isAD":false,"status":2}]
11:08:46:678 DEBUG 12196 --- [http-nio-8082-exec-1] com.hmall.api.client.ItemClient          : [ItemClient#queryItemByIds] <--- END HTTP (371-byte body)
11:08:47:223  INFO 12196 --- [nacos-grpc-client-executor-11] com.alibaba.nacos.common.remote.client   : [418ac456-7126-4cf4-9428-eb712d157434] Receive server push request, request = NotifySubscriberRequest, requestId = 40
11:08:47:224  INFO 12196 --- [nacos-grpc-client-executor-11] com.alibaba.nacos.common.remote.client   : [418ac456-7126-4cf4-9428-eb712d157434] Ack server push request, request = NotifySubscriberRequest, requestId = 40
11:10:30:312 DEBUG 12196 --- [http-nio-8082-exec-3] c.h.cart.mapper.CartMapper.selectList    : ==>  Preparing: SELECT id,user_id,item_id,num,name,spec,price,image,create_time,update_time FROM cart WHERE (user_id = ?)
11:10:30:314 DEBUG 12196 --- [http-nio-8082-exec-3] c.h.cart.mapper.CartMapper.selectList    : ==> Parameters: 1(Long)
11:10:30:318 DEBUG 12196 --- [http-nio-8082-exec-3] c.h.cart.mapper.CartMapper.selectList    : <==      Total: 1
11:10:30:318 DEBUG 12196 --- [http-nio-8082-exec-3] com.hmall.api.client.ItemClient          : [ItemClient#queryItemByIds] ---> GET http://item-service/items?ids=100000006163 HTTP/1.1
11:10:30:322 DEBUG 12196 --- [http-nio-8082-exec-3] com.hmall.api.client.ItemClient          : [ItemClient#queryItemByIds] ---> END HTTP (0-byte body)
11:10:30:347 DEBUG 12196 --- [http-nio-8082-exec-3] com.hmall.api.client.ItemClient          : [ItemClient#queryItemByIds] <--- HTTP/1.1 200 (23ms)
11:10:30:347 DEBUG 12196 --- [http-nio-8082-exec-3] com.hmall.api.client.ItemClient          : [ItemClient#queryItemByIds] connection: keep-alive
11:10:30:347 DEBUG 12196 --- [http-nio-8082-exec-3] com.hmall.api.client.ItemClient          : [ItemClient#queryItemByIds] content-type: application/json
11:10:30:347 DEBUG 12196 --- [http-nio-8082-exec-3] com.hmall.api.client.ItemClient          : [ItemClient#queryItemByIds] date: Thu, 23 Oct 2025 03:10:30 GMT
11:10:30:347 DEBUG 12196 --- [http-nio-8082-exec-3] com.hmall.api.client.ItemClient          : [ItemClient#queryItemByIds] keep-alive: timeout=60
11:10:30:347 DEBUG 12196 --- [http-nio-8082-exec-3] com.hmall.api.client.ItemClient          : [ItemClient#queryItemByIds] transfer-encoding: chunked
11:10:30:347 DEBUG 12196 --- [http-nio-8082-exec-3] com.hmall.api.client.ItemClient          : [ItemClient#queryItemByIds] 
11:10:30:348 DEBUG 12196 --- [http-nio-8082-exec-3] com.hmall.api.client.ItemClient          : [ItemClient#queryItemByIds] [{"id":"100000006163","name":"°Í²¼¶¹(BOBDOG)Èá±¡ÔÃ¶¯Ó¤¶ùÀ­À­¿ãXXLÂë80Æ¬(15kgÒÔÉÏ)","price":67100,"stock":10000,"image":"https://m.360buyimg.com/mobilecms/s720x720_jfs/t23998/350/2363990466/222391/a6e9581d/5b7cba5bN0c18fb4f.jpg!q70.jpg.webp","category":"À­À­¿ã","brand":"°Í²¼¶¹","spec":"{}","sold":11,"commentCount":33343434,"isAD":false,"status":2}]
11:10:30:349 DEBUG 12196 --- [http-nio-8082-exec-3] com.hmall.api.client.ItemClient          : [ItemClient#queryItemByIds] <--- END HTTP (371-byte body)
11:10:42:455 DEBUG 12196 --- [http-nio-8082-exec-4] c.h.cart.mapper.CartMapper.updateById    : ==>  Preparing: UPDATE cart SET user_id=?, item_id=?, num=?, name=?, spec=?, price=?, image=? WHERE id=?
11:10:42:457 DEBUG 12196 --- [http-nio-8082-exec-4] c.h.cart.mapper.CartMapper.updateById    : ==> Parameters: 0(Long), 0(Long), 0(Integer), (String), (String), 0(Integer), (String), 0(Long)
11:10:42:463 DEBUG 12196 --- [http-nio-8082-exec-4] c.h.cart.mapper.CartMapper.updateById    : <==    Updates: 0
11:10:45:784 DEBUG 12196 --- [http-nio-8082-exec-6] c.h.cart.mapper.CartMapper.selectList    : ==>  Preparing: SELECT id,user_id,item_id,num,name,spec,price,image,create_time,update_time FROM cart WHERE (user_id = ?)
11:10:45:785 DEBUG 12196 --- [http-nio-8082-exec-6] c.h.cart.mapper.CartMapper.selectList    : ==> Parameters: 1(Long)
11:10:45:792 DEBUG 12196 --- [http-nio-8082-exec-6] c.h.cart.mapper.CartMapper.selectList    : <==      Total: 1
11:10:45:794 DEBUG 12196 --- [http-nio-8082-exec-6] com.hmall.api.client.ItemClient          : [ItemClient#queryItemByIds] ---> GET http://item-service/items?ids=100000006163 HTTP/1.1
11:10:45:794 DEBUG 12196 --- [http-nio-8082-exec-6] com.hmall.api.client.ItemClient          : [ItemClient#queryItemByIds] ---> END HTTP (0-byte body)
11:10:45:818 DEBUG 12196 --- [http-nio-8082-exec-6] com.hmall.api.client.ItemClient          : [ItemClient#queryItemByIds] <--- HTTP/1.1 200 (23ms)
11:10:45:819 DEBUG 12196 --- [http-nio-8082-exec-6] com.hmall.api.client.ItemClient          : [ItemClient#queryItemByIds] connection: keep-alive
11:10:45:820 DEBUG 12196 --- [http-nio-8082-exec-6] com.hmall.api.client.ItemClient          : [ItemClient#queryItemByIds] content-type: application/json
11:10:45:820 DEBUG 12196 --- [http-nio-8082-exec-6] com.hmall.api.client.ItemClient          : [ItemClient#queryItemByIds] date: Thu, 23 Oct 2025 03:10:45 GMT
11:10:45:820 DEBUG 12196 --- [http-nio-8082-exec-6] com.hmall.api.client.ItemClient          : [ItemClient#queryItemByIds] keep-alive: timeout=60
11:10:45:820 DEBUG 12196 --- [http-nio-8082-exec-6] com.hmall.api.client.ItemClient          : [ItemClient#queryItemByIds] transfer-encoding: chunked
11:10:45:821 DEBUG 12196 --- [http-nio-8082-exec-6] com.hmall.api.client.ItemClient          : [ItemClient#queryItemByIds] 
11:10:45:822 DEBUG 12196 --- [http-nio-8082-exec-6] com.hmall.api.client.ItemClient          : [ItemClient#queryItemByIds] [{"id":"100000006163","name":"°Í²¼¶¹(BOBDOG)Èá±¡ÔÃ¶¯Ó¤¶ùÀ­À­¿ãXXLÂë80Æ¬(15kgÒÔÉÏ)","price":67100,"stock":10000,"image":"https://m.360buyimg.com/mobilecms/s720x720_jfs/t23998/350/2363990466/222391/a6e9581d/5b7cba5bN0c18fb4f.jpg!q70.jpg.webp","category":"À­À­¿ã","brand":"°Í²¼¶¹","spec":"{}","sold":11,"commentCount":33343434,"isAD":false,"status":2}]
11:10:45:822 DEBUG 12196 --- [http-nio-8082-exec-6] com.hmall.api.client.ItemClient          : [ItemClient#queryItemByIds] <--- END HTTP (371-byte body)
11:11:24:698  WARN 12196 --- [Thread-7] c.a.n.common.http.HttpClientBeanHolder   : [HttpClientBeanHolder] Start destroying common HttpClient
11:11:24:698  WARN 12196 --- [Thread-4] c.a.nacos.common.notify.NotifyCenter     : [NotifyCenter] Start destroying Publisher
11:11:24:699  WARN 12196 --- [Thread-4] c.a.nacos.common.notify.NotifyCenter     : [NotifyCenter] Destruction of the end
11:11:24:699  WARN 12196 --- [Thread-7] c.a.n.common.http.HttpClientBeanHolder   : [HttpClientBeanHolder] Destruction of the end
11:11:24:754  INFO 12196 --- [SpringApplicationShutdownHook] c.a.c.n.registry.NacosServiceRegistry    : De-registering from Nacos Server now...
11:11:24:763  INFO 12196 --- [SpringApplicationShutdownHook] c.a.c.n.registry.NacosServiceRegistry    : De-registration finished.
11:11:25:099  INFO 12196 --- [SpringApplicationShutdownHook] com.alibaba.nacos.common.remote.client   : Shutdown rpc client, set status to shutdown
11:11:25:099  INFO 12196 --- [SpringApplicationShutdownHook] com.alibaba.nacos.common.remote.client   : Shutdown client event executor java.util.concurrent.ScheduledThreadPoolExecutor@1bb463aa[Running, pool size = 2, active threads = 2, queued tasks = 0, completed tasks = 0]
11:11:25:099  INFO 12196 --- [SpringApplicationShutdownHook] com.alibaba.nacos.common.remote.client   : Close current connection 1761188918512_172.17.0.1_37360
11:11:25:104  INFO 12196 --- [nacos-grpc-client-executor-46] c.a.n.c.remote.client.grpc.GrpcClient    : [1761188918512_172.17.0.1_37360]Ignore complete event,isRunning:false,isAbandon=false
11:11:25:107  INFO 12196 --- [SpringApplicationShutdownHook] c.a.n.c.remote.client.grpc.GrpcClient    : Shutdown grpc executor java.util.concurrent.ThreadPoolExecutor@70c513c1[Running, pool size = 5, active threads = 0, queued tasks = 0, completed tasks = 47]
11:11:25:110  INFO 12196 --- [SpringApplicationShutdownHook] com.zaxxer.hikari.HikariDataSource       : HikariPool-1 - Shutdown initiated...
11:11:25:123  INFO 12196 --- [SpringApplicationShutdownHook] com.zaxxer.hikari.HikariDataSource       : HikariPool-1 - Shutdown completed.
11:11:36:131  INFO 38500 --- [main] com.hmall.cart.CartApplication           : Starting CartApplication using Java 17.0.14 on LAPTOP-RCD2EBQ7 with PID 38500 (D:\ADevPlan\abackend\java-cloud-server\cloud-server\hmall\cart-service\target\classes started by Konoha in D:\ADevPlan\abackend\java-cloud-server\cloud-server\hmall\cart-service)
11:11:36:133 DEBUG 38500 --- [main] com.hmall.cart.CartApplication           : Running with Spring Boot v2.7.12, Spring v5.3.27
11:11:36:133  INFO 38500 --- [main] com.hmall.cart.CartApplication           : The following 1 profile is active: "dev"
11:11:37:003  INFO 38500 --- [main] o.s.cloud.context.scope.GenericScope     : BeanFactory id=5b55fdd9-6fa1-3f20-9fd6-13812a989bbd
11:11:37:469  INFO 38500 --- [main] o.s.b.w.embedded.tomcat.TomcatWebServer  : Tomcat initialized with port(s): 8082 (http)
11:11:37:482  INFO 38500 --- [main] o.apache.catalina.core.StandardService   : Starting service [Tomcat]
11:11:37:482  INFO 38500 --- [main] org.apache.catalina.core.StandardEngine  : Starting Servlet engine: [Apache Tomcat/9.0.75]
11:11:37:647  INFO 38500 --- [main] o.a.c.c.C.[Tomcat].[localhost].[/]       : Initializing Spring embedded WebApplicationContext
11:11:37:648  INFO 38500 --- [main] w.s.c.ServletWebServerApplicationContext : Root WebApplicationContext: initialization completed in 1483 ms
11:11:37:890  INFO 38500 --- [main] o.s.c.openfeign.FeignClientFactoryBean   : For 'item-service' URL not provided. Will try picking an instance via load-balancing.
11:11:38:910  INFO 38500 --- [main] pertySourcedRequestMappingHandlerMapping : Mapped URL path [/v2/api-docs] onto method [springfox.documentation.swagger2.web.Swagger2ControllerWebMvc#getDocumentation(String, HttpServletRequest)]
11:11:39:297  INFO 38500 --- [main] com.alibaba.nacos.common.remote.client   : [RpcClientFactory] create a new rpc client of 8970e12d-c3a6-4abe-8377-3bbe7f2e0156
11:11:39:375  INFO 38500 --- [main] org.reflections.Reflections              : Reflections took 28 ms to scan 1 urls, producing 3 keys and 6 values 
11:11:39:402  INFO 38500 --- [main] org.reflections.Reflections              : Reflections took 10 ms to scan 1 urls, producing 4 keys and 9 values 
11:11:39:411  INFO 38500 --- [main] org.reflections.Reflections              : Reflections took 7 ms to scan 1 urls, producing 3 keys and 10 values 
11:11:39:415  WARN 38500 --- [main] org.reflections.Reflections              : given scan urls are empty. set urls in the configuration
11:11:39:420  INFO 38500 --- [main] org.reflections.Reflections              : Reflections took 4 ms to scan 1 urls, producing 1 keys and 5 values 
11:11:39:435  INFO 38500 --- [main] org.reflections.Reflections              : Reflections took 13 ms to scan 1 urls, producing 1 keys and 7 values 
11:11:39:449  INFO 38500 --- [main] org.reflections.Reflections              : Reflections took 8 ms to scan 1 urls, producing 2 keys and 8 values 
11:11:39:451  WARN 38500 --- [main] org.reflections.Reflections              : given scan urls are empty. set urls in the configuration
11:11:39:452  INFO 38500 --- [main] com.alibaba.nacos.common.remote.client   : [8970e12d-c3a6-4abe-8377-3bbe7f2e0156] RpcClient init label, labels = {module=naming, source=sdk}
11:11:39:455  INFO 38500 --- [main] com.alibaba.nacos.common.remote.client   : [8970e12d-c3a6-4abe-8377-3bbe7f2e0156] RpcClient init, ServerListFactory = com.alibaba.nacos.client.naming.core.ServerListManager
11:11:39:455  INFO 38500 --- [main] com.alibaba.nacos.common.remote.client   : [8970e12d-c3a6-4abe-8377-3bbe7f2e0156] Registry connection listener to current client:com.alibaba.nacos.client.naming.remote.gprc.redo.NamingGrpcRedoService
11:11:39:456  INFO 38500 --- [main] com.alibaba.nacos.common.remote.client   : [8970e12d-c3a6-4abe-8377-3bbe7f2e0156] Register server push request handler:com.alibaba.nacos.client.naming.remote.gprc.NamingPushRequestHandler
11:11:39:459  INFO 38500 --- [main] com.alibaba.nacos.common.remote.client   : [8970e12d-c3a6-4abe-8377-3bbe7f2e0156] Try to connect to server on start up, server: {serverIp = '127.0.0.1', server main port = 8848}
11:11:40:387  INFO 38500 --- [main] com.alibaba.nacos.common.remote.client   : [8970e12d-c3a6-4abe-8377-3bbe7f2e0156] Success to connect to server [127.0.0.1:8848] on start up, connectionId = 1761189100175_172.17.0.1_37726
11:11:40:390  INFO 38500 --- [com.alibaba.nacos.client.remote.worker] com.alibaba.nacos.common.remote.client   : [8970e12d-c3a6-4abe-8377-3bbe7f2e0156] Notify connected event to listeners.
11:11:40:390  INFO 38500 --- [main] com.alibaba.nacos.common.remote.client   : [8970e12d-c3a6-4abe-8377-3bbe7f2e0156] Register server push request handler:com.alibaba.nacos.common.remote.client.RpcClient$ConnectResetRequestHandler
11:11:40:391  INFO 38500 --- [main] com.alibaba.nacos.common.remote.client   : [8970e12d-c3a6-4abe-8377-3bbe7f2e0156] Register server push request handler:com.alibaba.nacos.common.remote.client.RpcClient$$Lambda$929/0x00000200397642f0
11:11:40:475  INFO 38500 --- [main] o.s.b.w.embedded.tomcat.TomcatWebServer  : Tomcat started on port(s): 8082 (http) with context path ''
11:11:40:493  INFO 38500 --- [main] c.a.c.n.registry.NacosServiceRegistry    : nacos registry, DEFAULT_GROUP cart-service 192.168.21.1:8082 register finished
11:11:40:611  INFO 38500 --- [main] d.s.w.p.DocumentationPluginsBootstrapper : Documentation plugins bootstrapped
11:11:40:617  INFO 38500 --- [main] d.s.w.p.DocumentationPluginsBootstrapper : Found 1 custom documentation plugin(s)
11:11:40:647  INFO 38500 --- [main] s.d.s.w.s.ApiListingReferenceScanner     : Scanning for api listing references
11:11:40:739  INFO 38500 --- [main] com.hmall.cart.CartApplication           : Started CartApplication in 5.233 seconds (JVM running for 5.58)
11:11:41:032  INFO 38500 --- [nacos-grpc-client-executor-8] com.alibaba.nacos.common.remote.client   : [8970e12d-c3a6-4abe-8377-3bbe7f2e0156] Receive server push request, request = NotifySubscriberRequest, requestId = 41
11:11:41:038  INFO 38500 --- [nacos-grpc-client-executor-8] com.alibaba.nacos.common.remote.client   : [8970e12d-c3a6-4abe-8377-3bbe7f2e0156] Ack server push request, request = NotifySubscriberRequest, requestId = 41
11:11:45:919  INFO 38500 --- [http-nio-8082-exec-1] o.a.c.c.C.[Tomcat].[localhost].[/]       : Initializing Spring DispatcherServlet 'dispatcherServlet'
11:11:45:919  INFO 38500 --- [http-nio-8082-exec-1] o.s.web.servlet.DispatcherServlet        : Initializing Servlet 'dispatcherServlet'
11:11:45:922  INFO 38500 --- [http-nio-8082-exec-1] o.s.web.servlet.DispatcherServlet        : Completed initialization in 3 ms
11:11:46:036  INFO 38500 --- [http-nio-8082-exec-1] com.zaxxer.hikari.HikariDataSource       : HikariPool-1 - Starting...
11:11:46:362  INFO 38500 --- [http-nio-8082-exec-1] com.zaxxer.hikari.HikariDataSource       : HikariPool-1 - Start completed.
11:11:46:370 DEBUG 38500 --- [http-nio-8082-exec-1] c.h.cart.mapper.CartMapper.selectList    : ==>  Preparing: SELECT id,user_id,item_id,num,name,spec,price,image,create_time,update_time FROM cart WHERE (user_id = ?)
11:11:46:399 DEBUG 38500 --- [http-nio-8082-exec-1] c.h.cart.mapper.CartMapper.selectList    : ==> Parameters: 2(Long)
11:11:46:435 DEBUG 38500 --- [http-nio-8082-exec-1] c.h.cart.mapper.CartMapper.selectList    : <==      Total: 0
11:11:48:036 DEBUG 38500 --- [http-nio-8082-exec-2] c.h.cart.mapper.CartMapper.selectList    : ==>  Preparing: SELECT id,user_id,item_id,num,name,spec,price,image,create_time,update_time FROM cart WHERE (user_id = ?)
11:11:48:037 DEBUG 38500 --- [http-nio-8082-exec-2] c.h.cart.mapper.CartMapper.selectList    : ==> Parameters: 2(Long)
11:11:48:042 DEBUG 38500 --- [http-nio-8082-exec-2] c.h.cart.mapper.CartMapper.selectList    : <==      Total: 0
11:11:48:891 DEBUG 38500 --- [http-nio-8082-exec-3] c.h.cart.mapper.CartMapper.selectList    : ==>  Preparing: SELECT id,user_id,item_id,num,name,spec,price,image,create_time,update_time FROM cart WHERE (user_id = ?)
11:11:48:893 DEBUG 38500 --- [http-nio-8082-exec-3] c.h.cart.mapper.CartMapper.selectList    : ==> Parameters: 2(Long)
11:11:48:897 DEBUG 38500 --- [http-nio-8082-exec-3] c.h.cart.mapper.CartMapper.selectList    : <==      Total: 0
11:12:19:621 DEBUG 38500 --- [http-nio-8082-exec-4] c.h.cart.mapper.CartMapper.selectList    : ==>  Preparing: SELECT id,user_id,item_id,num,name,spec,price,image,create_time,update_time FROM cart WHERE (user_id = ?)
11:12:19:623 DEBUG 38500 --- [http-nio-8082-exec-4] c.h.cart.mapper.CartMapper.selectList    : ==> Parameters: 2(Long)
11:12:19:627 DEBUG 38500 --- [http-nio-8082-exec-4] c.h.cart.mapper.CartMapper.selectList    : <==      Total: 0
11:12:20:888 DEBUG 38500 --- [http-nio-8082-exec-5] c.h.cart.mapper.CartMapper.selectList    : ==>  Preparing: SELECT id,user_id,item_id,num,name,spec,price,image,create_time,update_time FROM cart WHERE (user_id = ?)
11:12:20:890 DEBUG 38500 --- [http-nio-8082-exec-5] c.h.cart.mapper.CartMapper.selectList    : ==> Parameters: 2(Long)
11:12:20:897 DEBUG 38500 --- [http-nio-8082-exec-5] c.h.cart.mapper.CartMapper.selectList    : <==      Total: 0
11:12:21:395 DEBUG 38500 --- [http-nio-8082-exec-6] c.h.cart.mapper.CartMapper.selectList    : ==>  Preparing: SELECT id,user_id,item_id,num,name,spec,price,image,create_time,update_time FROM cart WHERE (user_id = ?)
11:12:21:396 DEBUG 38500 --- [http-nio-8082-exec-6] c.h.cart.mapper.CartMapper.selectList    : ==> Parameters: 2(Long)
11:12:21:400 DEBUG 38500 --- [http-nio-8082-exec-6] c.h.cart.mapper.CartMapper.selectList    : <==      Total: 0
11:12:21:624 DEBUG 38500 --- [http-nio-8082-exec-7] c.h.cart.mapper.CartMapper.selectList    : ==>  Preparing: SELECT id,user_id,item_id,num,name,spec,price,image,create_time,update_time FROM cart WHERE (user_id = ?)
11:12:21:625 DEBUG 38500 --- [http-nio-8082-exec-7] c.h.cart.mapper.CartMapper.selectList    : ==> Parameters: 2(Long)
11:12:21:630 DEBUG 38500 --- [http-nio-8082-exec-7] c.h.cart.mapper.CartMapper.selectList    : <==      Total: 0
11:12:21:831 DEBUG 38500 --- [http-nio-8082-exec-8] c.h.cart.mapper.CartMapper.selectList    : ==>  Preparing: SELECT id,user_id,item_id,num,name,spec,price,image,create_time,update_time FROM cart WHERE (user_id = ?)
11:12:21:832 DEBUG 38500 --- [http-nio-8082-exec-8] c.h.cart.mapper.CartMapper.selectList    : ==> Parameters: 2(Long)
11:12:21:838 DEBUG 38500 --- [http-nio-8082-exec-8] c.h.cart.mapper.CartMapper.selectList    : <==      Total: 0
11:12:22:035 DEBUG 38500 --- [http-nio-8082-exec-10] c.h.cart.mapper.CartMapper.selectList    : ==>  Preparing: SELECT id,user_id,item_id,num,name,spec,price,image,create_time,update_time FROM cart WHERE (user_id = ?)
11:12:22:036 DEBUG 38500 --- [http-nio-8082-exec-10] c.h.cart.mapper.CartMapper.selectList    : ==> Parameters: 2(Long)
11:12:22:039 DEBUG 38500 --- [http-nio-8082-exec-10] c.h.cart.mapper.CartMapper.selectList    : <==      Total: 0
11:12:22:249 DEBUG 38500 --- [http-nio-8082-exec-9] c.h.cart.mapper.CartMapper.selectList    : ==>  Preparing: SELECT id,user_id,item_id,num,name,spec,price,image,create_time,update_time FROM cart WHERE (user_id = ?)
11:12:22:250 DEBUG 38500 --- [http-nio-8082-exec-9] c.h.cart.mapper.CartMapper.selectList    : ==> Parameters: 2(Long)
11:12:22:256 DEBUG 38500 --- [http-nio-8082-exec-9] c.h.cart.mapper.CartMapper.selectList    : <==      Total: 0
11:12:22:520 DEBUG 38500 --- [http-nio-8082-exec-1] c.h.cart.mapper.CartMapper.selectList    : ==>  Preparing: SELECT id,user_id,item_id,num,name,spec,price,image,create_time,update_time FROM cart WHERE (user_id = ?)
11:12:22:521 DEBUG 38500 --- [http-nio-8082-exec-1] c.h.cart.mapper.CartMapper.selectList    : ==> Parameters: 2(Long)
11:12:22:527 DEBUG 38500 --- [http-nio-8082-exec-1] c.h.cart.mapper.CartMapper.selectList    : <==      Total: 0
11:12:22:863 DEBUG 38500 --- [http-nio-8082-exec-2] c.h.cart.mapper.CartMapper.selectList    : ==>  Preparing: SELECT id,user_id,item_id,num,name,spec,price,image,create_time,update_time FROM cart WHERE (user_id = ?)
11:12:22:864 DEBUG 38500 --- [http-nio-8082-exec-2] c.h.cart.mapper.CartMapper.selectList    : ==> Parameters: 2(Long)
11:12:22:867 DEBUG 38500 --- [http-nio-8082-exec-2] c.h.cart.mapper.CartMapper.selectList    : <==      Total: 0
11:15:30:670 DEBUG 38500 --- [http-nio-8082-exec-4] c.h.cart.mapper.CartMapper.selectList    : ==>  Preparing: SELECT id,user_id,item_id,num,name,spec,price,image,create_time,update_time FROM cart WHERE (user_id = ?)
11:15:30:670 DEBUG 38500 --- [http-nio-8082-exec-4] c.h.cart.mapper.CartMapper.selectList    : ==> Parameters: 2(Long)
11:15:30:675 DEBUG 38500 --- [http-nio-8082-exec-4] c.h.cart.mapper.CartMapper.selectList    : <==      Total: 0
11:15:32:052 DEBUG 38500 --- [http-nio-8082-exec-5] c.h.cart.mapper.CartMapper.selectList    : ==>  Preparing: SELECT id,user_id,item_id,num,name,spec,price,image,create_time,update_time FROM cart WHERE (user_id = ?)
11:15:32:053 DEBUG 38500 --- [http-nio-8082-exec-5] c.h.cart.mapper.CartMapper.selectList    : ==> Parameters: 2(Long)
11:15:32:057 DEBUG 38500 --- [http-nio-8082-exec-5] c.h.cart.mapper.CartMapper.selectList    : <==      Total: 0
11:15:32:665 DEBUG 38500 --- [http-nio-8082-exec-6] c.h.cart.mapper.CartMapper.selectList    : ==>  Preparing: SELECT id,user_id,item_id,num,name,spec,price,image,create_time,update_time FROM cart WHERE (user_id = ?)
11:15:32:669 DEBUG 38500 --- [http-nio-8082-exec-6] c.h.cart.mapper.CartMapper.selectList    : ==> Parameters: 2(Long)
11:15:32:672 DEBUG 38500 --- [http-nio-8082-exec-6] c.h.cart.mapper.CartMapper.selectList    : <==      Total: 0
11:15:33:195 DEBUG 38500 --- [http-nio-8082-exec-7] c.h.cart.mapper.CartMapper.selectList    : ==>  Preparing: SELECT id,user_id,item_id,num,name,spec,price,image,create_time,update_time FROM cart WHERE (user_id = ?)
11:15:33:196 DEBUG 38500 --- [http-nio-8082-exec-7] c.h.cart.mapper.CartMapper.selectList    : ==> Parameters: 2(Long)
11:15:33:202 DEBUG 38500 --- [http-nio-8082-exec-7] c.h.cart.mapper.CartMapper.selectList    : <==      Total: 0
11:15:33:714 DEBUG 38500 --- [http-nio-8082-exec-8] c.h.cart.mapper.CartMapper.selectList    : ==>  Preparing: SELECT id,user_id,item_id,num,name,spec,price,image,create_time,update_time FROM cart WHERE (user_id = ?)
11:15:33:714 DEBUG 38500 --- [http-nio-8082-exec-8] c.h.cart.mapper.CartMapper.selectList    : ==> Parameters: 2(Long)
11:15:33:718 DEBUG 38500 --- [http-nio-8082-exec-8] c.h.cart.mapper.CartMapper.selectList    : <==      Total: 0
11:15:34:174 DEBUG 38500 --- [http-nio-8082-exec-10] c.h.cart.mapper.CartMapper.selectList    : ==>  Preparing: SELECT id,user_id,item_id,num,name,spec,price,image,create_time,update_time FROM cart WHERE (user_id = ?)
11:15:34:174 DEBUG 38500 --- [http-nio-8082-exec-10] c.h.cart.mapper.CartMapper.selectList    : ==> Parameters: 2(Long)
11:15:34:178 DEBUG 38500 --- [http-nio-8082-exec-10] c.h.cart.mapper.CartMapper.selectList    : <==      Total: 0
11:15:34:593 DEBUG 38500 --- [http-nio-8082-exec-9] c.h.cart.mapper.CartMapper.selectList    : ==>  Preparing: SELECT id,user_id,item_id,num,name,spec,price,image,create_time,update_time FROM cart WHERE (user_id = ?)
11:15:34:594 DEBUG 38500 --- [http-nio-8082-exec-9] c.h.cart.mapper.CartMapper.selectList    : ==> Parameters: 2(Long)
11:15:34:597 DEBUG 38500 --- [http-nio-8082-exec-9] c.h.cart.mapper.CartMapper.selectList    : <==      Total: 0
11:15:34:878 DEBUG 38500 --- [http-nio-8082-exec-1] c.h.cart.mapper.CartMapper.selectList    : ==>  Preparing: SELECT id,user_id,item_id,num,name,spec,price,image,create_time,update_time FROM cart WHERE (user_id = ?)
11:15:34:879 DEBUG 38500 --- [http-nio-8082-exec-1] c.h.cart.mapper.CartMapper.selectList    : ==> Parameters: 2(Long)
11:15:34:883 DEBUG 38500 --- [http-nio-8082-exec-1] c.h.cart.mapper.CartMapper.selectList    : <==      Total: 0
11:15:35:128 DEBUG 38500 --- [http-nio-8082-exec-2] c.h.cart.mapper.CartMapper.selectList    : ==>  Preparing: SELECT id,user_id,item_id,num,name,spec,price,image,create_time,update_time FROM cart WHERE (user_id = ?)
11:15:35:130 DEBUG 38500 --- [http-nio-8082-exec-2] c.h.cart.mapper.CartMapper.selectList    : ==> Parameters: 2(Long)
11:15:35:134 DEBUG 38500 --- [http-nio-8082-exec-2] c.h.cart.mapper.CartMapper.selectList    : <==      Total: 0
11:15:35:352 DEBUG 38500 --- [http-nio-8082-exec-3] c.h.cart.mapper.CartMapper.selectList    : ==>  Preparing: SELECT id,user_id,item_id,num,name,spec,price,image,create_time,update_time FROM cart WHERE (user_id = ?)
11:15:35:353 DEBUG 38500 --- [http-nio-8082-exec-3] c.h.cart.mapper.CartMapper.selectList    : ==> Parameters: 2(Long)
11:15:35:359 DEBUG 38500 --- [http-nio-8082-exec-3] c.h.cart.mapper.CartMapper.selectList    : <==      Total: 0
11:15:35:560 DEBUG 38500 --- [http-nio-8082-exec-4] c.h.cart.mapper.CartMapper.selectList    : ==>  Preparing: SELECT id,user_id,item_id,num,name,spec,price,image,create_time,update_time FROM cart WHERE (user_id = ?)
11:15:35:562 DEBUG 38500 --- [http-nio-8082-exec-4] c.h.cart.mapper.CartMapper.selectList    : ==> Parameters: 2(Long)
11:15:35:567 DEBUG 38500 --- [http-nio-8082-exec-4] c.h.cart.mapper.CartMapper.selectList    : <==      Total: 0
11:15:35:785 DEBUG 38500 --- [http-nio-8082-exec-5] c.h.cart.mapper.CartMapper.selectList    : ==>  Preparing: SELECT id,user_id,item_id,num,name,spec,price,image,create_time,update_time FROM cart WHERE (user_id = ?)
11:15:35:787 DEBUG 38500 --- [http-nio-8082-exec-5] c.h.cart.mapper.CartMapper.selectList    : ==> Parameters: 2(Long)
11:15:35:799 DEBUG 38500 --- [http-nio-8082-exec-5] c.h.cart.mapper.CartMapper.selectList    : <==      Total: 0
11:15:35:993 DEBUG 38500 --- [http-nio-8082-exec-6] c.h.cart.mapper.CartMapper.selectList    : ==>  Preparing: SELECT id,user_id,item_id,num,name,spec,price,image,create_time,update_time FROM cart WHERE (user_id = ?)
11:15:35:995 DEBUG 38500 --- [http-nio-8082-exec-6] c.h.cart.mapper.CartMapper.selectList    : ==> Parameters: 2(Long)
11:15:35:999 DEBUG 38500 --- [http-nio-8082-exec-6] c.h.cart.mapper.CartMapper.selectList    : <==      Total: 0
11:15:36:203 DEBUG 38500 --- [http-nio-8082-exec-7] c.h.cart.mapper.CartMapper.selectList    : ==>  Preparing: SELECT id,user_id,item_id,num,name,spec,price,image,create_time,update_time FROM cart WHERE (user_id = ?)
11:15:36:205 DEBUG 38500 --- [http-nio-8082-exec-7] c.h.cart.mapper.CartMapper.selectList    : ==> Parameters: 2(Long)
11:15:36:211 DEBUG 38500 --- [http-nio-8082-exec-7] c.h.cart.mapper.CartMapper.selectList    : <==      Total: 0
11:15:36:410 DEBUG 38500 --- [http-nio-8082-exec-8] c.h.cart.mapper.CartMapper.selectList    : ==>  Preparing: SELECT id,user_id,item_id,num,name,spec,price,image,create_time,update_time FROM cart WHERE (user_id = ?)
11:15:36:411 DEBUG 38500 --- [http-nio-8082-exec-8] c.h.cart.mapper.CartMapper.selectList    : ==> Parameters: 2(Long)
11:15:36:416 DEBUG 38500 --- [http-nio-8082-exec-8] c.h.cart.mapper.CartMapper.selectList    : <==      Total: 0
11:15:36:605 DEBUG 38500 --- [http-nio-8082-exec-10] c.h.cart.mapper.CartMapper.selectList    : ==>  Preparing: SELECT id,user_id,item_id,num,name,spec,price,image,create_time,update_time FROM cart WHERE (user_id = ?)
11:15:36:606 DEBUG 38500 --- [http-nio-8082-exec-10] c.h.cart.mapper.CartMapper.selectList    : ==> Parameters: 2(Long)
11:15:36:611 DEBUG 38500 --- [http-nio-8082-exec-10] c.h.cart.mapper.CartMapper.selectList    : <==      Total: 0
11:15:36:829 DEBUG 38500 --- [http-nio-8082-exec-9] c.h.cart.mapper.CartMapper.selectList    : ==>  Preparing: SELECT id,user_id,item_id,num,name,spec,price,image,create_time,update_time FROM cart WHERE (user_id = ?)
11:15:36:830 DEBUG 38500 --- [http-nio-8082-exec-9] c.h.cart.mapper.CartMapper.selectList    : ==> Parameters: 2(Long)
11:15:36:835 DEBUG 38500 --- [http-nio-8082-exec-9] c.h.cart.mapper.CartMapper.selectList    : <==      Total: 0
11:15:37:036 DEBUG 38500 --- [http-nio-8082-exec-1] c.h.cart.mapper.CartMapper.selectList    : ==>  Preparing: SELECT id,user_id,item_id,num,name,spec,price,image,create_time,update_time FROM cart WHERE (user_id = ?)
11:15:37:038 DEBUG 38500 --- [http-nio-8082-exec-1] c.h.cart.mapper.CartMapper.selectList    : ==> Parameters: 2(Long)
11:15:37:045 DEBUG 38500 --- [http-nio-8082-exec-1] c.h.cart.mapper.CartMapper.selectList    : <==      Total: 0
11:15:37:225 DEBUG 38500 --- [http-nio-8082-exec-2] c.h.cart.mapper.CartMapper.selectList    : ==>  Preparing: SELECT id,user_id,item_id,num,name,spec,price,image,create_time,update_time FROM cart WHERE (user_id = ?)
11:15:37:226 DEBUG 38500 --- [http-nio-8082-exec-2] c.h.cart.mapper.CartMapper.selectList    : ==> Parameters: 2(Long)
11:15:37:230 DEBUG 38500 --- [http-nio-8082-exec-2] c.h.cart.mapper.CartMapper.selectList    : <==      Total: 0
11:16:12:040 DEBUG 38500 --- [http-nio-8082-exec-3] c.h.cart.mapper.CartMapper.selectList    : ==>  Preparing: SELECT id,user_id,item_id,num,name,spec,price,image,create_time,update_time FROM cart WHERE (user_id = ?)
11:16:12:041 DEBUG 38500 --- [http-nio-8082-exec-3] c.h.cart.mapper.CartMapper.selectList    : ==> Parameters: 2(Long)
11:16:12:046 DEBUG 38500 --- [http-nio-8082-exec-3] c.h.cart.mapper.CartMapper.selectList    : <==      Total: 0
11:18:29:518  WARN 38500 --- [Thread-4] c.a.nacos.common.notify.NotifyCenter     : [NotifyCenter] Start destroying Publisher
11:18:29:519  WARN 38500 --- [Thread-7] c.a.n.common.http.HttpClientBeanHolder   : [HttpClientBeanHolder] Start destroying common HttpClient
11:18:29:519  WARN 38500 --- [Thread-4] c.a.nacos.common.notify.NotifyCenter     : [NotifyCenter] Destruction of the end
11:18:29:519  WARN 38500 --- [Thread-7] c.a.n.common.http.HttpClientBeanHolder   : [HttpClientBeanHolder] Destruction of the end
11:18:29:549  INFO 38500 --- [SpringApplicationShutdownHook] c.a.c.n.registry.NacosServiceRegistry    : De-registering from Nacos Server now...
11:18:29:554  INFO 38500 --- [SpringApplicationShutdownHook] c.a.c.n.registry.NacosServiceRegistry    : De-registration finished.
11:18:29:882  INFO 38500 --- [SpringApplicationShutdownHook] com.alibaba.nacos.common.remote.client   : Shutdown rpc client, set status to shutdown
11:18:29:882  INFO 38500 --- [SpringApplicationShutdownHook] com.alibaba.nacos.common.remote.client   : Shutdown client event executor java.util.concurrent.ScheduledThreadPoolExecutor@4693464c[Running, pool size = 2, active threads = 2, queued tasks = 0, completed tasks = 0]
11:18:29:882  INFO 38500 --- [SpringApplicationShutdownHook] com.alibaba.nacos.common.remote.client   : Close current connection 1761189100175_172.17.0.1_37726
11:18:29:887  INFO 38500 --- [SpringApplicationShutdownHook] c.a.n.c.remote.client.grpc.GrpcClient    : Shutdown grpc executor java.util.concurrent.ThreadPoolExecutor@2a63bfe8[Running, pool size = 4, active threads = 0, queued tasks = 0, completed tasks = 94]
11:18:29:891  INFO 38500 --- [SpringApplicationShutdownHook] com.zaxxer.hikari.HikariDataSource       : HikariPool-1 - Shutdown initiated...
11:18:29:905  INFO 38500 --- [SpringApplicationShutdownHook] com.zaxxer.hikari.HikariDataSource       : HikariPool-1 - Shutdown completed.
11:18:36:887  INFO 19800 --- [main] com.hmall.cart.CartApplication           : Starting CartApplication using Java 17.0.14 on LAPTOP-RCD2EBQ7 with PID 19800 (D:\ADevPlan\abackend\java-cloud-server\cloud-server\hmall\cart-service\target\classes started by Konoha in D:\ADevPlan\abackend\java-cloud-server\cloud-server\hmall\cart-service)
11:18:36:888 DEBUG 19800 --- [main] com.hmall.cart.CartApplication           : Running with Spring Boot v2.7.12, Spring v5.3.27
11:18:36:888  INFO 19800 --- [main] com.hmall.cart.CartApplication           : The following 1 profile is active: "dev"
11:18:37:753  INFO 19800 --- [main] o.s.cloud.context.scope.GenericScope     : BeanFactory id=5b55fdd9-6fa1-3f20-9fd6-13812a989bbd
11:18:38:222  INFO 19800 --- [main] o.s.b.w.embedded.tomcat.TomcatWebServer  : Tomcat initialized with port(s): 8082 (http)
11:18:38:232  INFO 19800 --- [main] o.apache.catalina.core.StandardService   : Starting service [Tomcat]
11:18:38:233  INFO 19800 --- [main] org.apache.catalina.core.StandardEngine  : Starting Servlet engine: [Apache Tomcat/9.0.75]
11:18:38:376  INFO 19800 --- [main] o.a.c.c.C.[Tomcat].[localhost].[/]       : Initializing Spring embedded WebApplicationContext
11:18:38:377  INFO 19800 --- [main] w.s.c.ServletWebServerApplicationContext : Root WebApplicationContext: initialization completed in 1452 ms
11:18:38:597  INFO 19800 --- [main] o.s.c.openfeign.FeignClientFactoryBean   : For 'item-service' URL not provided. Will try picking an instance via load-balancing.
11:18:39:665  INFO 19800 --- [main] pertySourcedRequestMappingHandlerMapping : Mapped URL path [/v2/api-docs] onto method [springfox.documentation.swagger2.web.Swagger2ControllerWebMvc#getDocumentation(String, HttpServletRequest)]
11:18:40:064  INFO 19800 --- [main] com.alibaba.nacos.common.remote.client   : [RpcClientFactory] create a new rpc client of 793bafd4-744b-417c-8865-26632c9ad74b
11:18:40:110  INFO 19800 --- [main] org.reflections.Reflections              : Reflections took 21 ms to scan 1 urls, producing 3 keys and 6 values 
11:18:40:128  INFO 19800 --- [main] org.reflections.Reflections              : Reflections took 7 ms to scan 1 urls, producing 4 keys and 9 values 
11:18:40:134  INFO 19800 --- [main] org.reflections.Reflections              : Reflections took 3 ms to scan 1 urls, producing 3 keys and 10 values 
11:18:40:136  WARN 19800 --- [main] org.reflections.Reflections              : given scan urls are empty. set urls in the configuration
11:18:40:141  INFO 19800 --- [main] org.reflections.Reflections              : Reflections took 5 ms to scan 1 urls, producing 1 keys and 5 values 
11:18:40:148  INFO 19800 --- [main] org.reflections.Reflections              : Reflections took 3 ms to scan 1 urls, producing 1 keys and 7 values 
11:18:40:153  INFO 19800 --- [main] org.reflections.Reflections              : Reflections took 3 ms to scan 1 urls, producing 2 keys and 8 values 
11:18:40:154  WARN 19800 --- [main] org.reflections.Reflections              : given scan urls are empty. set urls in the configuration
11:18:40:155  INFO 19800 --- [main] com.alibaba.nacos.common.remote.client   : [793bafd4-744b-417c-8865-26632c9ad74b] RpcClient init label, labels = {module=naming, source=sdk}
11:18:40:157  INFO 19800 --- [main] com.alibaba.nacos.common.remote.client   : [793bafd4-744b-417c-8865-26632c9ad74b] RpcClient init, ServerListFactory = com.alibaba.nacos.client.naming.core.ServerListManager
11:18:40:157  INFO 19800 --- [main] com.alibaba.nacos.common.remote.client   : [793bafd4-744b-417c-8865-26632c9ad74b] Registry connection listener to current client:com.alibaba.nacos.client.naming.remote.gprc.redo.NamingGrpcRedoService
11:18:40:158  INFO 19800 --- [main] com.alibaba.nacos.common.remote.client   : [793bafd4-744b-417c-8865-26632c9ad74b] Register server push request handler:com.alibaba.nacos.client.naming.remote.gprc.NamingPushRequestHandler
11:18:40:161  INFO 19800 --- [main] com.alibaba.nacos.common.remote.client   : [793bafd4-744b-417c-8865-26632c9ad74b] Try to connect to server on start up, server: {serverIp = '127.0.0.1', server main port = 8848}
11:18:40:941  INFO 19800 --- [main] com.alibaba.nacos.common.remote.client   : [793bafd4-744b-417c-8865-26632c9ad74b] Success to connect to server [127.0.0.1:8848] on start up, connectionId = 1761189520739_172.17.0.1_43244
11:18:40:943  INFO 19800 --- [com.alibaba.nacos.client.remote.worker] com.alibaba.nacos.common.remote.client   : [793bafd4-744b-417c-8865-26632c9ad74b] Notify connected event to listeners.
11:18:40:943  INFO 19800 --- [main] com.alibaba.nacos.common.remote.client   : [793bafd4-744b-417c-8865-26632c9ad74b] Register server push request handler:com.alibaba.nacos.common.remote.client.RpcClient$ConnectResetRequestHandler
11:18:40:944  INFO 19800 --- [main] com.alibaba.nacos.common.remote.client   : [793bafd4-744b-417c-8865-26632c9ad74b] Register server push request handler:com.alibaba.nacos.common.remote.client.RpcClient$$Lambda$929/0x0000021ad4764500
11:18:41:016  INFO 19800 --- [main] o.s.b.w.embedded.tomcat.TomcatWebServer  : Tomcat started on port(s): 8082 (http) with context path ''
11:18:41:033  INFO 19800 --- [main] c.a.c.n.registry.NacosServiceRegistry    : nacos registry, DEFAULT_GROUP cart-service 192.168.21.1:8082 register finished
11:18:41:137  INFO 19800 --- [main] d.s.w.p.DocumentationPluginsBootstrapper : Documentation plugins bootstrapped
11:18:41:139  INFO 19800 --- [main] d.s.w.p.DocumentationPluginsBootstrapper : Found 1 custom documentation plugin(s)
11:18:41:160  INFO 19800 --- [main] s.d.s.w.s.ApiListingReferenceScanner     : Scanning for api listing references
11:18:41:236  INFO 19800 --- [main] com.hmall.cart.CartApplication           : Started CartApplication in 5.049 seconds (JVM running for 5.319)
11:18:41:576  INFO 19800 --- [nacos-grpc-client-executor-8] com.alibaba.nacos.common.remote.client   : [793bafd4-744b-417c-8865-26632c9ad74b] Receive server push request, request = NotifySubscriberRequest, requestId = 50
11:18:41:579  INFO 19800 --- [nacos-grpc-client-executor-8] com.alibaba.nacos.common.remote.client   : [793bafd4-744b-417c-8865-26632c9ad74b] Ack server push request, request = NotifySubscriberRequest, requestId = 50
11:18:50:204  INFO 19800 --- [http-nio-8082-exec-1] o.a.c.c.C.[Tomcat].[localhost].[/]       : Initializing Spring DispatcherServlet 'dispatcherServlet'
11:18:50:204  INFO 19800 --- [http-nio-8082-exec-1] o.s.web.servlet.DispatcherServlet        : Initializing Servlet 'dispatcherServlet'
11:18:50:206  INFO 19800 --- [http-nio-8082-exec-1] o.s.web.servlet.DispatcherServlet        : Completed initialization in 1 ms
11:18:50:279  INFO 19800 --- [http-nio-8082-exec-1] com.zaxxer.hikari.HikariDataSource       : HikariPool-1 - Starting...
11:18:50:505  INFO 19800 --- [http-nio-8082-exec-1] com.zaxxer.hikari.HikariDataSource       : HikariPool-1 - Start completed.
11:18:50:511 DEBUG 19800 --- [http-nio-8082-exec-1] c.h.cart.mapper.CartMapper.selectList    : ==>  Preparing: SELECT id,user_id,item_id,num,name,spec,price,image,create_time,update_time FROM cart WHERE (user_id = ?)
11:18:50:530 DEBUG 19800 --- [http-nio-8082-exec-1] c.h.cart.mapper.CartMapper.selectList    : ==> Parameters: 2(Long)
11:18:50:535  INFO 58756 --- [main] com.hmall.cart.CartApplication           : Starting CartApplication using Java 17.0.14 on LAPTOP-RCD2EBQ7 with PID 58756 (D:\ADevPlan\abackend\java-cloud-server\cloud-server\hmall\cart-service\target\classes started by Konoha in D:\ADevPlan\abackend\java-cloud-server\cloud-server\hmall\cart-service)
11:18:50:537 DEBUG 58756 --- [main] com.hmall.cart.CartApplication           : Running with Spring Boot v2.7.12, Spring v5.3.27
11:18:50:537  INFO 58756 --- [main] com.hmall.cart.CartApplication           : The following 1 profile is active: "dev"
11:18:50:548 DEBUG 19800 --- [http-nio-8082-exec-1] c.h.cart.mapper.CartMapper.selectList    : <==      Total: 1
11:18:50:591 DEBUG 19800 --- [http-nio-8082-exec-1] com.hmall.api.client.ItemClient          : [ItemClient#queryItemByIds] ---> GET http://item-service/items?ids=14741770661 HTTP/1.1
11:18:50:592 DEBUG 19800 --- [http-nio-8082-exec-1] com.hmall.api.client.ItemClient          : [ItemClient#queryItemByIds] ---> END HTTP (0-byte body)
11:18:51:104 DEBUG 19800 --- [http-nio-8082-exec-1] com.hmall.api.client.ItemClient          : [ItemClient#queryItemByIds] <--- HTTP/1.1 200 (511ms)
11:18:51:104 DEBUG 19800 --- [http-nio-8082-exec-1] com.hmall.api.client.ItemClient          : [ItemClient#queryItemByIds] connection: keep-alive
11:18:51:105 DEBUG 19800 --- [http-nio-8082-exec-1] com.hmall.api.client.ItemClient          : [ItemClient#queryItemByIds] content-type: application/json
11:18:51:105 DEBUG 19800 --- [http-nio-8082-exec-1] com.hmall.api.client.ItemClient          : [ItemClient#queryItemByIds] date: Thu, 23 Oct 2025 03:18:51 GMT
11:18:51:105 DEBUG 19800 --- [http-nio-8082-exec-1] com.hmall.api.client.ItemClient          : [ItemClient#queryItemByIds] keep-alive: timeout=60
11:18:51:105 DEBUG 19800 --- [http-nio-8082-exec-1] com.hmall.api.client.ItemClient          : [ItemClient#queryItemByIds] transfer-encoding: chunked
11:18:51:106 DEBUG 19800 --- [http-nio-8082-exec-1] com.hmall.api.client.ItemClient          : [ItemClient#queryItemByIds] 
11:18:51:106 DEBUG 19800 --- [http-nio-8082-exec-1] com.hmall.api.client.ItemClient          : [ItemClient#queryItemByIds] [{"id":"14741770661","name":"¿µ¼Ñ£¨KONKA£© LED49UC3 49Ó¢´ç³¬±¡ÇúÃæ36ºË4K HDRÈË¹¤ÖÇÄÜµçÊÓ","price":144600,"stock":10000,"image":"https://m.360buyimg.com/mobilecms/s720x720_jfs/t16477/84/2032772431/400946/2887be91/5a912776N7e343ec3.jpg!q70.jpg.webp","category":"ÇúÃæµçÊÓ","brand":"¿µ¼Ñ","spec":"{}","sold":0,"commentCount":0,"isAD":false,"status":1}]
11:18:51:108 DEBUG 19800 --- [http-nio-8082-exec-1] com.hmall.api.client.ItemClient          : [ItemClient#queryItemByIds] <--- END HTTP (371-byte body)
11:18:51:184  INFO 19800 --- [nacos-grpc-client-executor-12] com.alibaba.nacos.common.remote.client   : [793bafd4-744b-417c-8865-26632c9ad74b] Receive server push request, request = NotifySubscriberRequest, requestId = 53
11:18:51:185  INFO 19800 --- [nacos-grpc-client-executor-12] com.alibaba.nacos.common.remote.client   : [793bafd4-744b-417c-8865-26632c9ad74b] Ack server push request, request = NotifySubscriberRequest, requestId = 53
11:18:51:281  INFO 58756 --- [main] o.s.cloud.context.scope.GenericScope     : BeanFactory id=5b55fdd9-6fa1-3f20-9fd6-13812a989bbd
11:18:51:853  INFO 58756 --- [main] o.s.b.w.embedded.tomcat.TomcatWebServer  : Tomcat initialized with port(s): 8084 (http)
11:18:51:870  INFO 58756 --- [main] o.apache.catalina.core.StandardService   : Starting service [Tomcat]
11:18:51:871  INFO 58756 --- [main] org.apache.catalina.core.StandardEngine  : Starting Servlet engine: [Apache Tomcat/9.0.75]
11:18:52:058  INFO 58756 --- [main] o.a.c.c.C.[Tomcat].[localhost].[/]       : Initializing Spring embedded WebApplicationContext
11:18:52:059  INFO 58756 --- [main] w.s.c.ServletWebServerApplicationContext : Root WebApplicationContext: initialization completed in 1484 ms
11:18:52:306  INFO 58756 --- [main] o.s.c.openfeign.FeignClientFactoryBean   : For 'item-service' URL not provided. Will try picking an instance via load-balancing.
11:18:53:496  INFO 58756 --- [main] pertySourcedRequestMappingHandlerMapping : Mapped URL path [/v2/api-docs] onto method [springfox.documentation.swagger2.web.Swagger2ControllerWebMvc#getDocumentation(String, HttpServletRequest)]
11:18:53:915  INFO 58756 --- [main] com.alibaba.nacos.common.remote.client   : [RpcClientFactory] create a new rpc client of d0dc3f82-3a78-4b76-a52b-8e6dda622949
11:18:53:981  INFO 58756 --- [main] org.reflections.Reflections              : Reflections took 20 ms to scan 1 urls, producing 3 keys and 6 values 
11:18:54:010  INFO 58756 --- [main] org.reflections.Reflections              : Reflections took 10 ms to scan 1 urls, producing 4 keys and 9 values 
11:18:54:019  INFO 58756 --- [main] org.reflections.Reflections              : Reflections took 6 ms to scan 1 urls, producing 3 keys and 10 values 
11:18:54:021  WARN 58756 --- [main] org.reflections.Reflections              : given scan urls are empty. set urls in the configuration
11:18:54:029  INFO 58756 --- [main] org.reflections.Reflections              : Reflections took 6 ms to scan 1 urls, producing 1 keys and 5 values 
11:18:54:040  INFO 58756 --- [main] org.reflections.Reflections              : Reflections took 9 ms to scan 1 urls, producing 1 keys and 7 values 
11:18:54:050  INFO 58756 --- [main] org.reflections.Reflections              : Reflections took 8 ms to scan 1 urls, producing 2 keys and 8 values 
11:18:54:051  WARN 58756 --- [main] org.reflections.Reflections              : given scan urls are empty. set urls in the configuration
11:18:54:054  INFO 58756 --- [main] com.alibaba.nacos.common.remote.client   : [d0dc3f82-3a78-4b76-a52b-8e6dda622949] RpcClient init label, labels = {module=naming, source=sdk}
11:18:54:059  INFO 58756 --- [main] com.alibaba.nacos.common.remote.client   : [d0dc3f82-3a78-4b76-a52b-8e6dda622949] RpcClient init, ServerListFactory = com.alibaba.nacos.client.naming.core.ServerListManager
11:18:54:060  INFO 58756 --- [main] com.alibaba.nacos.common.remote.client   : [d0dc3f82-3a78-4b76-a52b-8e6dda622949] Registry connection listener to current client:com.alibaba.nacos.client.naming.remote.gprc.redo.NamingGrpcRedoService
11:18:54:061  INFO 58756 --- [main] com.alibaba.nacos.common.remote.client   : [d0dc3f82-3a78-4b76-a52b-8e6dda622949] Register server push request handler:com.alibaba.nacos.client.naming.remote.gprc.NamingPushRequestHandler
11:18:54:066  INFO 58756 --- [main] com.alibaba.nacos.common.remote.client   : [d0dc3f82-3a78-4b76-a52b-8e6dda622949] Try to connect to server on start up, server: {serverIp = '127.0.0.1', server main port = 8848}
11:18:55:172  INFO 58756 --- [main] com.alibaba.nacos.common.remote.client   : [d0dc3f82-3a78-4b76-a52b-8e6dda622949] Success to connect to server [127.0.0.1:8848] on start up, connectionId = 1761189534939_172.17.0.1_42998
11:18:55:173  INFO 58756 --- [com.alibaba.nacos.client.remote.worker] com.alibaba.nacos.common.remote.client   : [d0dc3f82-3a78-4b76-a52b-8e6dda622949] Notify connected event to listeners.
11:18:55:175  INFO 58756 --- [main] com.alibaba.nacos.common.remote.client   : [d0dc3f82-3a78-4b76-a52b-8e6dda622949] Register server push request handler:com.alibaba.nacos.common.remote.client.RpcClient$ConnectResetRequestHandler
11:18:55:176  INFO 58756 --- [main] com.alibaba.nacos.common.remote.client   : [d0dc3f82-3a78-4b76-a52b-8e6dda622949] Register server push request handler:com.alibaba.nacos.common.remote.client.RpcClient$$Lambda$929/0x0000018da0762150
11:18:55:265  INFO 58756 --- [main] o.s.b.w.embedded.tomcat.TomcatWebServer  : Tomcat started on port(s): 8084 (http) with context path ''
11:18:55:283  INFO 58756 --- [main] c.a.c.n.registry.NacosServiceRegistry    : nacos registry, DEFAULT_GROUP cart-service 192.168.21.1:8084 register finished
11:18:55:425  INFO 58756 --- [main] d.s.w.p.DocumentationPluginsBootstrapper : Documentation plugins bootstrapped
11:18:55:429  INFO 58756 --- [main] d.s.w.p.DocumentationPluginsBootstrapper : Found 1 custom documentation plugin(s)
11:18:55:446  INFO 58756 --- [main] s.d.s.w.s.ApiListingReferenceScanner     : Scanning for api listing references
11:18:55:538  INFO 58756 --- [main] com.hmall.cart.CartApplication           : Started CartApplication in 5.691 seconds (JVM running for 6.005)
11:18:55:795  INFO 19800 --- [nacos-grpc-client-executor-15] com.alibaba.nacos.common.remote.client   : [793bafd4-744b-417c-8865-26632c9ad74b] Receive server push request, request = NotifySubscriberRequest, requestId = 55
11:18:55:798  INFO 19800 --- [nacos-grpc-client-executor-15] com.alibaba.nacos.common.remote.client   : [793bafd4-744b-417c-8865-26632c9ad74b] Ack server push request, request = NotifySubscriberRequest, requestId = 55
11:18:55:812  INFO 58756 --- [nacos-grpc-client-executor-7] com.alibaba.nacos.common.remote.client   : [d0dc3f82-3a78-4b76-a52b-8e6dda622949] Receive server push request, request = NotifySubscriberRequest, requestId = 54
11:18:55:815  INFO 58756 --- [nacos-grpc-client-executor-7] com.alibaba.nacos.common.remote.client   : [d0dc3f82-3a78-4b76-a52b-8e6dda622949] Ack server push request, request = NotifySubscriberRequest, requestId = 54
11:19:13:720 DEBUG 19800 --- [http-nio-8082-exec-3] c.h.cart.mapper.CartMapper.selectList    : ==>  Preparing: SELECT id,user_id,item_id,num,name,spec,price,image,create_time,update_time FROM cart WHERE (user_id = ?)
11:19:13:721 DEBUG 19800 --- [http-nio-8082-exec-3] c.h.cart.mapper.CartMapper.selectList    : ==> Parameters: 2(Long)
11:19:13:727 DEBUG 19800 --- [http-nio-8082-exec-3] c.h.cart.mapper.CartMapper.selectList    : <==      Total: 2
11:19:13:729 DEBUG 19800 --- [http-nio-8082-exec-3] com.hmall.api.client.ItemClient          : [ItemClient#queryItemByIds] ---> GET http://item-service/items?ids=40305713537&ids=14741770661 HTTP/1.1
11:19:13:730 DEBUG 19800 --- [http-nio-8082-exec-3] com.hmall.api.client.ItemClient          : [ItemClient#queryItemByIds] ---> END HTTP (0-byte body)
11:19:14:481 DEBUG 19800 --- [http-nio-8082-exec-3] com.hmall.api.client.ItemClient          : [ItemClient#queryItemByIds] <--- HTTP/1.1 200 (750ms)
11:19:14:481 DEBUG 19800 --- [http-nio-8082-exec-3] com.hmall.api.client.ItemClient          : [ItemClient#queryItemByIds] connection: keep-alive
11:19:14:482 DEBUG 19800 --- [http-nio-8082-exec-3] com.hmall.api.client.ItemClient          : [ItemClient#queryItemByIds] content-type: application/json
11:19:14:482 DEBUG 19800 --- [http-nio-8082-exec-3] com.hmall.api.client.ItemClient          : [ItemClient#queryItemByIds] date: Thu, 23 Oct 2025 03:19:14 GMT
11:19:14:482 DEBUG 19800 --- [http-nio-8082-exec-3] com.hmall.api.client.ItemClient          : [ItemClient#queryItemByIds] keep-alive: timeout=60
11:19:14:482 DEBUG 19800 --- [http-nio-8082-exec-3] com.hmall.api.client.ItemClient          : [ItemClient#queryItemByIds] transfer-encoding: chunked
11:19:14:482 DEBUG 19800 --- [http-nio-8082-exec-3] com.hmall.api.client.ItemClient          : [ItemClient#queryItemByIds] 
11:19:14:482 DEBUG 19800 --- [http-nio-8082-exec-3] com.hmall.api.client.ItemClient          : [ItemClient#queryItemByIds] [{"id":"14741770661","name":"¿µ¼Ñ£¨KONKA£© LED49UC3 49Ó¢´ç³¬±¡ÇúÃæ36ºË4K HDRÈË¹¤ÖÇÄÜµçÊÓ","price":144600,"stock":10000,"image":"https://m.360buyimg.com/mobilecms/s720x720_jfs/t16477/84/2032772431/400946/2887be91/5a912776N7e343ec3.jpg!q70.jpg.webp","category":"ÇúÃæµçÊÓ","brand":"¿µ¼Ñ","spec":"{}","sold":0,"commentCount":0,"isAD":false,"status":1},{"id":"40305713537","name":"¡¾¹Ù·½ÕýÆ· Æ·ÅÆÖ±Óª¡¿°Â¹ÅÊ¨µÇÐ¡°×Ð¬Å®Çï¼¾Í¸Æø2018ÐÂ¿î°Ù´îº«°æÐÝÏÐÐ¬ÔË¶¯Ð¬Å®Ð¬ºñµ×°åÐ¬Å® Ç³À¶¡¾ºñµ×¡¿ 41","price":35400,"stock":10000,"image":"https://m.360buyimg.com/mobilecms/s720x720_jfs/t1/14147/34/2890/275451/5c225484Ebd346404/e61513be4639ee2e.jpg!q70.jpg.webp","category":"ÐÝÏÐÐ¬","brand":"°Â¹ÅÊ¨µÇ","spec":"{\"ÑÕÉ«\": \"½ðÉ«\", \"³ßÂë\": \"41\"}","sold":0,"commentCount":0,"isAD":false,"status":1}]
11:19:14:483 DEBUG 19800 --- [http-nio-8082-exec-3] com.hmall.api.client.ItemClient          : [ItemClient#queryItemByIds] <--- END HTTP (863-byte body)
11:50:45:942  INFO 19800 --- [nacos-grpc-client-executor-386] com.alibaba.nacos.common.remote.client   : [793bafd4-744b-417c-8865-26632c9ad74b] Receive server push request, request = ClientDetectionRequest, requestId = 59
11:50:45:946  INFO 19800 --- [nacos-grpc-client-executor-386] com.alibaba.nacos.common.remote.client   : [793bafd4-744b-417c-8865-26632c9ad74b] Ack server push request, request = ClientDetectionRequest, requestId = 59
11:50:45:942  INFO 58756 --- [nacos-grpc-client-executor-378] com.alibaba.nacos.common.remote.client   : [d0dc3f82-3a78-4b76-a52b-8e6dda622949] Receive server push request, request = ClientDetectionRequest, requestId = 56
11:50:45:950  INFO 58756 --- [nacos-grpc-client-executor-378] com.alibaba.nacos.common.remote.client   : [d0dc3f82-3a78-4b76-a52b-8e6dda622949] Ack server push request, request = ClientDetectionRequest, requestId = 56
11:50:50:319  WARN 19800 --- [HikariPool-1 housekeeper] com.zaxxer.hikari.pool.HikariPool        : HikariPool-1 - Thread starvation or clock leap detected (housekeeper delta=1m29s290ms583?s300ns).
14:57:13:044  INFO 58756 --- [nacos-grpc-client-executor-455] com.alibaba.nacos.common.remote.client   : [d0dc3f82-3a78-4b76-a52b-8e6dda622949] Receive server push request, request = ClientDetectionRequest, requestId = 60
14:57:13:046  INFO 19800 --- [nacos-grpc-client-executor-469] com.alibaba.nacos.common.remote.client   : [793bafd4-744b-417c-8865-26632c9ad74b] Receive server push request, request = ClientDetectionRequest, requestId = 63
14:57:13:047  INFO 58756 --- [nacos-grpc-client-executor-455] com.alibaba.nacos.common.remote.client   : [d0dc3f82-3a78-4b76-a52b-8e6dda622949] Ack server push request, request = ClientDetectionRequest, requestId = 60
14:57:13:049  INFO 19800 --- [nacos-grpc-client-executor-469] com.alibaba.nacos.common.remote.client   : [793bafd4-744b-417c-8865-26632c9ad74b] Ack server push request, request = ClientDetectionRequest, requestId = 63
14:57:19:151  INFO 19800 --- [nacos-grpc-client-executor-470] com.alibaba.nacos.common.remote.client   : [793bafd4-744b-417c-8865-26632c9ad74b] Receive server push request, request = ClientDetectionRequest, requestId = 65
14:57:19:152  INFO 19800 --- [nacos-grpc-client-executor-470] com.alibaba.nacos.common.remote.client   : [793bafd4-744b-417c-8865-26632c9ad74b] Ack server push request, request = ClientDetectionRequest, requestId = 65
14:57:20:372  WARN 19800 --- [HikariPool-1 housekeeper] com.zaxxer.hikari.pool.HikariPool        : HikariPool-1 - Thread starvation or clock leap detected (housekeeper delta=3h29s956ms630?s200ns).
07:53:03:867  INFO 58756 --- [nacos-grpc-client-executor-459] com.alibaba.nacos.common.remote.client   : [d0dc3f82-3a78-4b76-a52b-8e6dda622949] Receive server push request, request = ClientDetectionRequest, requestId = 66
07:53:03:877  INFO 58756 --- [nacos-grpc-client-executor-459] com.alibaba.nacos.common.remote.client   : [d0dc3f82-3a78-4b76-a52b-8e6dda622949] Ack server push request, request = ClientDetectionRequest, requestId = 66
07:53:21:616  WARN 19800 --- [HikariPool-1 housekeeper] com.zaxxer.hikari.pool.HikariPool        : HikariPool-1 - Thread starvation or clock leap detected (housekeeper delta=16h56m7s469ms27?s400ns).
08:29:36:024  WARN 58756 --- [Thread-4] c.a.nacos.common.notify.NotifyCenter     : [NotifyCenter] Start destroying Publisher
08:29:36:024  WARN 58756 --- [Thread-7] c.a.n.common.http.HttpClientBeanHolder   : [HttpClientBeanHolder] Start destroying common HttpClient
08:29:36:029  WARN 58756 --- [Thread-4] c.a.nacos.common.notify.NotifyCenter     : [NotifyCenter] Destruction of the end
08:29:36:034  WARN 58756 --- [Thread-7] c.a.n.common.http.HttpClientBeanHolder   : [HttpClientBeanHolder] Destruction of the end
08:29:36:175  INFO 58756 --- [SpringApplicationShutdownHook] c.a.c.n.registry.NacosServiceRegistry    : De-registering from Nacos Server now...
08:29:36:189  INFO 58756 --- [SpringApplicationShutdownHook] c.a.c.n.registry.NacosServiceRegistry    : De-registration finished.
08:29:36:518  INFO 58756 --- [SpringApplicationShutdownHook] com.alibaba.nacos.common.remote.client   : Shutdown rpc client, set status to shutdown
08:29:36:518  INFO 58756 --- [SpringApplicationShutdownHook] com.alibaba.nacos.common.remote.client   : Shutdown client event executor java.util.concurrent.ScheduledThreadPoolExecutor@33cfee3a[Running, pool size = 2, active threads = 2, queued tasks = 0, completed tasks = 0]
08:29:36:521  INFO 58756 --- [SpringApplicationShutdownHook] com.alibaba.nacos.common.remote.client   : Close current connection 1761189534939_172.17.0.1_42998
08:29:36:525  INFO 58756 --- [nacos-grpc-client-executor-898] c.a.n.c.remote.client.grpc.GrpcClient    : [1761189534939_172.17.0.1_42998]Ignore complete event,isRunning:false,isAbandon=false
08:29:36:536  INFO 58756 --- [SpringApplicationShutdownHook] c.a.n.c.remote.client.grpc.GrpcClient    : Shutdown grpc executor java.util.concurrent.ThreadPoolExecutor@6732de6e[Running, pool size = 5, active threads = 0, queued tasks = 0, completed tasks = 899]
08:29:36:714  INFO 19800 --- [nacos-grpc-client-executor-950] com.alibaba.nacos.common.remote.client   : [793bafd4-744b-417c-8865-26632c9ad74b] Receive server push request, request = NotifySubscriberRequest, requestId = 69
08:29:36:729  INFO 19800 --- [nacos-grpc-client-executor-950] com.alibaba.nacos.common.remote.client   : [793bafd4-744b-417c-8865-26632c9ad74b] Ack server push request, request = NotifySubscriberRequest, requestId = 69
08:29:39:617  INFO 19800 --- [nacos-grpc-client-executor-951] com.alibaba.nacos.common.remote.client   : [793bafd4-744b-417c-8865-26632c9ad74b] Receive server push request, request = NotifySubscriberRequest, requestId = 71
08:29:39:620  INFO 19800 --- [nacos-grpc-client-executor-951] com.alibaba.nacos.common.remote.client   : [793bafd4-744b-417c-8865-26632c9ad74b] Ack server push request, request = NotifySubscriberRequest, requestId = 71
08:29:40:822  WARN 19800 --- [Thread-7] c.a.n.common.http.HttpClientBeanHolder   : [HttpClientBeanHolder] Start destroying common HttpClient
08:29:40:823  WARN 19800 --- [Thread-4] c.a.nacos.common.notify.NotifyCenter     : [NotifyCenter] Start destroying Publisher
08:29:40:824  WARN 19800 --- [Thread-4] c.a.nacos.common.notify.NotifyCenter     : [NotifyCenter] Destruction of the end
08:29:40:827  WARN 19800 --- [Thread-7] c.a.n.common.http.HttpClientBeanHolder   : [HttpClientBeanHolder] Destruction of the end
08:29:40:881  INFO 19800 --- [SpringApplicationShutdownHook] c.a.c.n.registry.NacosServiceRegistry    : De-registering from Nacos Server now...
08:29:40:887  INFO 19800 --- [SpringApplicationShutdownHook] c.a.c.n.registry.NacosServiceRegistry    : De-registration finished.
08:29:41:212  INFO 19800 --- [SpringApplicationShutdownHook] com.alibaba.nacos.common.remote.client   : Shutdown rpc client, set status to shutdown
08:29:41:212  INFO 19800 --- [SpringApplicationShutdownHook] com.alibaba.nacos.common.remote.client   : Shutdown client event executor java.util.concurrent.ScheduledThreadPoolExecutor@1a5cb909[Running, pool size = 2, active threads = 2, queued tasks = 0, completed tasks = 0]
08:29:41:212  INFO 19800 --- [SpringApplicationShutdownHook] com.alibaba.nacos.common.remote.client   : Close current connection 1761189520739_172.17.0.1_43244
08:29:41:217  INFO 19800 --- [nacos-grpc-client-executor-954] c.a.n.c.remote.client.grpc.GrpcClient    : [1761189520739_172.17.0.1_43244]Ignore complete event,isRunning:false,isAbandon=false
08:29:41:221  INFO 19800 --- [SpringApplicationShutdownHook] c.a.n.c.remote.client.grpc.GrpcClient    : Shutdown grpc executor java.util.concurrent.ThreadPoolExecutor@700591a9[Running, pool size = 6, active threads = 0, queued tasks = 0, completed tasks = 955]
08:29:41:228  INFO 19800 --- [SpringApplicationShutdownHook] com.zaxxer.hikari.HikariDataSource       : HikariPool-1 - Shutdown initiated...
08:29:41:244  INFO 19800 --- [SpringApplicationShutdownHook] com.zaxxer.hikari.HikariDataSource       : HikariPool-1 - Shutdown completed.
